/*
Navicat MySQL Data Transfer

Source Server         : localHostWamp
Source Server Version : 50520
Source Host           : localhost:3306
Source Database       : mybookmark

Target Server Type    : MYSQL
Target Server Version : 50520
File Encoding         : 65001

Date: 2014-04-28 00:11:02
*/

SET FOREIGN_KEY_CHECKS=0;

-- ----------------------------
-- Table structure for mark_area
-- ----------------------------
DROP TABLE IF EXISTS `mark_area`;
CREATE TABLE `mark_area` (
  `id` int(11) NOT NULL AUTO_INCREMENT,
  `area_code` varchar(30) DEFAULT NULL,
  `area_name` varchar(50) DEFAULT NULL,
  PRIMARY KEY (`id`)
) ENGINE=InnoDB AUTO_INCREMENT=2587 DEFAULT CHARSET=utf8;

-- ----------------------------
-- Records of mark_area
-- ----------------------------
INSERT INTO `mark_area` VALUES ('1', '101010100', '北京');
INSERT INTO `mark_area` VALUES ('2', '101010200', '海淀');
INSERT INTO `mark_area` VALUES ('3', '101010300', '朝阳');
INSERT INTO `mark_area` VALUES ('4', '101010400', '顺义');
INSERT INTO `mark_area` VALUES ('5', '101010500', '怀柔');
INSERT INTO `mark_area` VALUES ('6', '101010600', '通州');
INSERT INTO `mark_area` VALUES ('7', '101010700', '昌平');
INSERT INTO `mark_area` VALUES ('8', '101010800', '延庆');
INSERT INTO `mark_area` VALUES ('9', '101010900', '丰台');
INSERT INTO `mark_area` VALUES ('10', '101011000', '石景山');
INSERT INTO `mark_area` VALUES ('11', '101011100', '大兴');
INSERT INTO `mark_area` VALUES ('12', '101011200', '房山');
INSERT INTO `mark_area` VALUES ('13', '101011300', '密云');
INSERT INTO `mark_area` VALUES ('14', '101011400', '门头沟');
INSERT INTO `mark_area` VALUES ('15', '101011500', '平谷');
INSERT INTO `mark_area` VALUES ('16', '101011600', '八达岭');
INSERT INTO `mark_area` VALUES ('17', '101011700', '佛爷顶');
INSERT INTO `mark_area` VALUES ('18', '101011800', '汤河口');
INSERT INTO `mark_area` VALUES ('19', '101011900', '密云上甸子');
INSERT INTO `mark_area` VALUES ('20', '101012000', '斋堂');
INSERT INTO `mark_area` VALUES ('21', '101012100', '霞云岭');
INSERT INTO `mark_area` VALUES ('22', '101020100', '上海');
INSERT INTO `mark_area` VALUES ('23', '101020200', '闵行');
INSERT INTO `mark_area` VALUES ('24', '101020300', '宝山');
INSERT INTO `mark_area` VALUES ('25', '101020400', '川沙');
INSERT INTO `mark_area` VALUES ('26', '101020500', '嘉定');
INSERT INTO `mark_area` VALUES ('27', '101020600', '南汇');
INSERT INTO `mark_area` VALUES ('28', '101020700', '金山');
INSERT INTO `mark_area` VALUES ('29', '101020800', '青浦');
INSERT INTO `mark_area` VALUES ('30', '101020900', '松江');
INSERT INTO `mark_area` VALUES ('31', '101021000', '奉贤');
INSERT INTO `mark_area` VALUES ('32', '101021100', '崇明');
INSERT INTO `mark_area` VALUES ('33', '101021101', '陈家镇');
INSERT INTO `mark_area` VALUES ('34', '101021102', '引水船');
INSERT INTO `mark_area` VALUES ('35', '101021200', '徐家汇');
INSERT INTO `mark_area` VALUES ('36', '101021300', '浦东');
INSERT INTO `mark_area` VALUES ('37', '101030100', '天津');
INSERT INTO `mark_area` VALUES ('38', '101030200', '武清');
INSERT INTO `mark_area` VALUES ('39', '101030300', '宝坻');
INSERT INTO `mark_area` VALUES ('40', '101030400', '东丽');
INSERT INTO `mark_area` VALUES ('41', '101030500', '西青');
INSERT INTO `mark_area` VALUES ('42', '101030600', '北辰');
INSERT INTO `mark_area` VALUES ('43', '101030700', '宁河');
INSERT INTO `mark_area` VALUES ('44', '101030800', '汉沽');
INSERT INTO `mark_area` VALUES ('45', '101030900', '静海');
INSERT INTO `mark_area` VALUES ('46', '101031000', '津南');
INSERT INTO `mark_area` VALUES ('47', '101031100', '塘沽');
INSERT INTO `mark_area` VALUES ('48', '101031200', '大港');
INSERT INTO `mark_area` VALUES ('49', '101031300', '平台');
INSERT INTO `mark_area` VALUES ('50', '101031400', '蓟县');
INSERT INTO `mark_area` VALUES ('51', '101040100', '重庆');
INSERT INTO `mark_area` VALUES ('52', '101040200', '永川');
INSERT INTO `mark_area` VALUES ('53', '101040300', '合川');
INSERT INTO `mark_area` VALUES ('54', '101040400', '南川');
INSERT INTO `mark_area` VALUES ('55', '101040500', '江津');
INSERT INTO `mark_area` VALUES ('56', '101040600', '万盛');
INSERT INTO `mark_area` VALUES ('57', '101040700', '渝北');
INSERT INTO `mark_area` VALUES ('58', '101040800', '北碚');
INSERT INTO `mark_area` VALUES ('59', '101040900', '巴南');
INSERT INTO `mark_area` VALUES ('60', '101041000', '长寿');
INSERT INTO `mark_area` VALUES ('61', '101041100', '黔江');
INSERT INTO `mark_area` VALUES ('62', '101041200', '万州天城');
INSERT INTO `mark_area` VALUES ('63', '101041300', '万州龙宝');
INSERT INTO `mark_area` VALUES ('64', '101041400', '涪陵');
INSERT INTO `mark_area` VALUES ('65', '101041500', '开县');
INSERT INTO `mark_area` VALUES ('66', '101041600', '城口');
INSERT INTO `mark_area` VALUES ('67', '101041700', '云阳');
INSERT INTO `mark_area` VALUES ('68', '101041800', '巫溪');
INSERT INTO `mark_area` VALUES ('69', '101041900', '奉节');
INSERT INTO `mark_area` VALUES ('70', '101042000', '巫山');
INSERT INTO `mark_area` VALUES ('71', '101042100', '潼南');
INSERT INTO `mark_area` VALUES ('72', '101042200', '垫江');
INSERT INTO `mark_area` VALUES ('73', '101042300', '梁平');
INSERT INTO `mark_area` VALUES ('74', '101042400', '忠县');
INSERT INTO `mark_area` VALUES ('75', '101042500', '石柱');
INSERT INTO `mark_area` VALUES ('76', '101042600', '大足');
INSERT INTO `mark_area` VALUES ('77', '101042700', '荣昌');
INSERT INTO `mark_area` VALUES ('78', '101042800', '铜梁');
INSERT INTO `mark_area` VALUES ('79', '101042900', '璧山');
INSERT INTO `mark_area` VALUES ('80', '101043000', '丰都');
INSERT INTO `mark_area` VALUES ('81', '101043100', '武隆');
INSERT INTO `mark_area` VALUES ('82', '101043200', '彭水');
INSERT INTO `mark_area` VALUES ('83', '101043300', '綦江');
INSERT INTO `mark_area` VALUES ('84', '101043400', '酉阳');
INSERT INTO `mark_area` VALUES ('85', '101043500', '金佛山');
INSERT INTO `mark_area` VALUES ('86', '101043600', '秀山');
INSERT INTO `mark_area` VALUES ('87', '101043700', '沙坪坝');
INSERT INTO `mark_area` VALUES ('88', '101050101', '哈尔滨');
INSERT INTO `mark_area` VALUES ('89', '101050102', '双城');
INSERT INTO `mark_area` VALUES ('90', '101050103', '呼兰');
INSERT INTO `mark_area` VALUES ('91', '101050104', '阿城');
INSERT INTO `mark_area` VALUES ('92', '101050105', '宾县');
INSERT INTO `mark_area` VALUES ('93', '101050106', '依兰');
INSERT INTO `mark_area` VALUES ('94', '101050107', '巴彦');
INSERT INTO `mark_area` VALUES ('95', '101050108', '通河');
INSERT INTO `mark_area` VALUES ('96', '101050109', '方正');
INSERT INTO `mark_area` VALUES ('97', '101050110', '延寿');
INSERT INTO `mark_area` VALUES ('98', '101050111', '尚志');
INSERT INTO `mark_area` VALUES ('99', '101050112', '五常');
INSERT INTO `mark_area` VALUES ('100', '101050113', '木兰');
INSERT INTO `mark_area` VALUES ('101', '101050201', '齐齐哈尔');
INSERT INTO `mark_area` VALUES ('102', '101050202', '讷河');
INSERT INTO `mark_area` VALUES ('103', '101050203', '龙江');
INSERT INTO `mark_area` VALUES ('104', '101050204', '甘南');
INSERT INTO `mark_area` VALUES ('105', '101050205', '富裕');
INSERT INTO `mark_area` VALUES ('106', '101050206', '依安');
INSERT INTO `mark_area` VALUES ('107', '101050207', '拜泉');
INSERT INTO `mark_area` VALUES ('108', '101050208', '克山');
INSERT INTO `mark_area` VALUES ('109', '101050209', '克东');
INSERT INTO `mark_area` VALUES ('110', '101050210', '泰来');
INSERT INTO `mark_area` VALUES ('111', '101050301', '牡丹江');
INSERT INTO `mark_area` VALUES ('112', '101050302', '海林');
INSERT INTO `mark_area` VALUES ('113', '101050303', '穆棱');
INSERT INTO `mark_area` VALUES ('114', '101050304', '林口');
INSERT INTO `mark_area` VALUES ('115', '101050305', '绥芬河');
INSERT INTO `mark_area` VALUES ('116', '101050306', '宁安');
INSERT INTO `mark_area` VALUES ('117', '101050307', '东宁');
INSERT INTO `mark_area` VALUES ('118', '101050401', '佳木斯');
INSERT INTO `mark_area` VALUES ('119', '101050402', '汤原');
INSERT INTO `mark_area` VALUES ('120', '101050403', '抚远');
INSERT INTO `mark_area` VALUES ('121', '101050404', '桦川');
INSERT INTO `mark_area` VALUES ('122', '101050405', '桦南');
INSERT INTO `mark_area` VALUES ('123', '101050406', '同江');
INSERT INTO `mark_area` VALUES ('124', '101050407', '富锦');
INSERT INTO `mark_area` VALUES ('125', '101050501', '绥化');
INSERT INTO `mark_area` VALUES ('126', '101050502', '肇东');
INSERT INTO `mark_area` VALUES ('127', '101050503', '安达');
INSERT INTO `mark_area` VALUES ('128', '101050504', '海伦');
INSERT INTO `mark_area` VALUES ('129', '101050505', '明水');
INSERT INTO `mark_area` VALUES ('130', '101050506', '望奎');
INSERT INTO `mark_area` VALUES ('131', '101050507', '兰西');
INSERT INTO `mark_area` VALUES ('132', '101050508', '青冈');
INSERT INTO `mark_area` VALUES ('133', '101050509', '庆安');
INSERT INTO `mark_area` VALUES ('134', '101050510', '绥棱');
INSERT INTO `mark_area` VALUES ('135', '101050601', '黑河');
INSERT INTO `mark_area` VALUES ('136', '101050602', '嫩江');
INSERT INTO `mark_area` VALUES ('137', '101050603', '孙吴');
INSERT INTO `mark_area` VALUES ('138', '101050604', '逊克');
INSERT INTO `mark_area` VALUES ('139', '101050605', '五大连池');
INSERT INTO `mark_area` VALUES ('140', '101050606', '北安');
INSERT INTO `mark_area` VALUES ('141', '101050701', '大兴安岭');
INSERT INTO `mark_area` VALUES ('142', '101050702', '塔河');
INSERT INTO `mark_area` VALUES ('143', '101050703', '漠河');
INSERT INTO `mark_area` VALUES ('144', '101050704', '呼玛');
INSERT INTO `mark_area` VALUES ('145', '101050705', '呼中');
INSERT INTO `mark_area` VALUES ('146', '101050706', '新林');
INSERT INTO `mark_area` VALUES ('147', '101050707', '阿木尔');
INSERT INTO `mark_area` VALUES ('148', '101050708', '加格达奇');
INSERT INTO `mark_area` VALUES ('149', '101050801', '伊春');
INSERT INTO `mark_area` VALUES ('150', '101050802', '乌伊岭');
INSERT INTO `mark_area` VALUES ('151', '101050803', '五营');
INSERT INTO `mark_area` VALUES ('152', '101050804', '铁力');
INSERT INTO `mark_area` VALUES ('153', '101050805', '嘉荫');
INSERT INTO `mark_area` VALUES ('154', '101050901', '大庆');
INSERT INTO `mark_area` VALUES ('155', '101050902', '林甸');
INSERT INTO `mark_area` VALUES ('156', '101050903', '肇州');
INSERT INTO `mark_area` VALUES ('157', '101050904', '肇源');
INSERT INTO `mark_area` VALUES ('158', '101050905', '杜蒙');
INSERT INTO `mark_area` VALUES ('159', '101051002', '七台河');
INSERT INTO `mark_area` VALUES ('160', '101051003', '勃利');
INSERT INTO `mark_area` VALUES ('161', '101051101', '鸡西');
INSERT INTO `mark_area` VALUES ('162', '101051102', '虎林');
INSERT INTO `mark_area` VALUES ('163', '101051103', '密山');
INSERT INTO `mark_area` VALUES ('164', '101051104', '鸡东');
INSERT INTO `mark_area` VALUES ('165', '101051201', '鹤岗');
INSERT INTO `mark_area` VALUES ('166', '101051202', '绥滨');
INSERT INTO `mark_area` VALUES ('167', '101051203', '萝北');
INSERT INTO `mark_area` VALUES ('168', '101051301', '双鸭山');
INSERT INTO `mark_area` VALUES ('169', '101051302', '集贤');
INSERT INTO `mark_area` VALUES ('170', '101051303', '宝清');
INSERT INTO `mark_area` VALUES ('171', '101051304', '饶河');
INSERT INTO `mark_area` VALUES ('172', '101060101', '长春');
INSERT INTO `mark_area` VALUES ('173', '101060102', '农安');
INSERT INTO `mark_area` VALUES ('174', '101060103', '德惠');
INSERT INTO `mark_area` VALUES ('175', '101060104', '九台');
INSERT INTO `mark_area` VALUES ('176', '101060105', '榆树');
INSERT INTO `mark_area` VALUES ('177', '101060106', '双阳');
INSERT INTO `mark_area` VALUES ('178', '101060201', '吉林');
INSERT INTO `mark_area` VALUES ('179', '101060202', '舒兰');
INSERT INTO `mark_area` VALUES ('180', '101060203', '永吉');
INSERT INTO `mark_area` VALUES ('181', '101060204', '蛟河');
INSERT INTO `mark_area` VALUES ('182', '101060205', '磐石');
INSERT INTO `mark_area` VALUES ('183', '101060206', '桦甸');
INSERT INTO `mark_area` VALUES ('184', '101060207', '烟筒山');
INSERT INTO `mark_area` VALUES ('185', '101060301', '延吉');
INSERT INTO `mark_area` VALUES ('186', '101060302', '敦化');
INSERT INTO `mark_area` VALUES ('187', '101060303', '安图');
INSERT INTO `mark_area` VALUES ('188', '101060304', '汪清');
INSERT INTO `mark_area` VALUES ('189', '101060305', '和龙');
INSERT INTO `mark_area` VALUES ('190', '101060306', '天池');
INSERT INTO `mark_area` VALUES ('191', '101060307', '龙井');
INSERT INTO `mark_area` VALUES ('192', '101060308', '珲春');
INSERT INTO `mark_area` VALUES ('193', '101060309', '图们');
INSERT INTO `mark_area` VALUES ('194', '101060310', '松江');
INSERT INTO `mark_area` VALUES ('195', '101060311', '罗子沟');
INSERT INTO `mark_area` VALUES ('196', '101060312', '延边');
INSERT INTO `mark_area` VALUES ('197', '101060401', '四平');
INSERT INTO `mark_area` VALUES ('198', '101060402', '双辽');
INSERT INTO `mark_area` VALUES ('199', '101060403', '梨树');
INSERT INTO `mark_area` VALUES ('200', '101060404', '公主岭');
INSERT INTO `mark_area` VALUES ('201', '101060405', '伊通');
INSERT INTO `mark_area` VALUES ('202', '101060406', '孤家子');
INSERT INTO `mark_area` VALUES ('203', '101060501', '通化');
INSERT INTO `mark_area` VALUES ('204', '101060502', '梅河口');
INSERT INTO `mark_area` VALUES ('205', '101060503', '柳河');
INSERT INTO `mark_area` VALUES ('206', '101060504', '辉南');
INSERT INTO `mark_area` VALUES ('207', '101060505', '集安');
INSERT INTO `mark_area` VALUES ('208', '101060506', '通化县');
INSERT INTO `mark_area` VALUES ('209', '101060601', '白城');
INSERT INTO `mark_area` VALUES ('210', '101060602', '洮南');
INSERT INTO `mark_area` VALUES ('211', '101060603', '大安');
INSERT INTO `mark_area` VALUES ('212', '101060604', '镇赉');
INSERT INTO `mark_area` VALUES ('213', '101060605', '通榆');
INSERT INTO `mark_area` VALUES ('214', '101060701', '辽源');
INSERT INTO `mark_area` VALUES ('215', '101060702', '东丰');
INSERT INTO `mark_area` VALUES ('216', '101060801', '松原');
INSERT INTO `mark_area` VALUES ('217', '101060802', '乾安');
INSERT INTO `mark_area` VALUES ('218', '101060803', '前郭');
INSERT INTO `mark_area` VALUES ('219', '101060804', '长岭');
INSERT INTO `mark_area` VALUES ('220', '101060805', '扶余');
INSERT INTO `mark_area` VALUES ('221', '101060901', '白山');
INSERT INTO `mark_area` VALUES ('222', '101060902', '靖宇');
INSERT INTO `mark_area` VALUES ('223', '101060903', '临江');
INSERT INTO `mark_area` VALUES ('224', '101060904', '东岗');
INSERT INTO `mark_area` VALUES ('225', '101060905', '长白');
INSERT INTO `mark_area` VALUES ('226', '101070101', '沈阳');
INSERT INTO `mark_area` VALUES ('227', '101070102', '苏家屯');
INSERT INTO `mark_area` VALUES ('228', '101070103', '辽中');
INSERT INTO `mark_area` VALUES ('229', '101070104', '康平');
INSERT INTO `mark_area` VALUES ('230', '101070105', '法库');
INSERT INTO `mark_area` VALUES ('231', '101070106', '新民');
INSERT INTO `mark_area` VALUES ('232', '101070107', '于洪');
INSERT INTO `mark_area` VALUES ('233', '101070108', '新城子');
INSERT INTO `mark_area` VALUES ('234', '101070201', '大连');
INSERT INTO `mark_area` VALUES ('235', '101070202', '瓦房店');
INSERT INTO `mark_area` VALUES ('236', '101070203', '金州');
INSERT INTO `mark_area` VALUES ('237', '101070204', '普兰店');
INSERT INTO `mark_area` VALUES ('238', '101070205', '旅顺');
INSERT INTO `mark_area` VALUES ('239', '101070206', '长海');
INSERT INTO `mark_area` VALUES ('240', '101070207', '庄河');
INSERT INTO `mark_area` VALUES ('241', '101070208', '皮口');
INSERT INTO `mark_area` VALUES ('242', '101070209', '海洋岛');
INSERT INTO `mark_area` VALUES ('243', '101070301', '鞍山');
INSERT INTO `mark_area` VALUES ('244', '101070302', '台安');
INSERT INTO `mark_area` VALUES ('245', '101070303', '岫岩');
INSERT INTO `mark_area` VALUES ('246', '101070304', '海城');
INSERT INTO `mark_area` VALUES ('247', '101070401', '抚顺');
INSERT INTO `mark_area` VALUES ('248', '101070403', '清原');
INSERT INTO `mark_area` VALUES ('249', '101070404', '章党');
INSERT INTO `mark_area` VALUES ('250', '101070501', '本溪');
INSERT INTO `mark_area` VALUES ('251', '101070502', '本溪县');
INSERT INTO `mark_area` VALUES ('252', '101070503', '草河口');
INSERT INTO `mark_area` VALUES ('253', '101070504', '桓仁');
INSERT INTO `mark_area` VALUES ('254', '101070601', '丹东');
INSERT INTO `mark_area` VALUES ('255', '101070602', '凤城');
INSERT INTO `mark_area` VALUES ('256', '101070603', '宽甸');
INSERT INTO `mark_area` VALUES ('257', '101070604', '东港');
INSERT INTO `mark_area` VALUES ('258', '101070605', '东沟');
INSERT INTO `mark_area` VALUES ('259', '101070701', '锦州');
INSERT INTO `mark_area` VALUES ('260', '101070702', '凌海');
INSERT INTO `mark_area` VALUES ('261', '101070703', '北宁');
INSERT INTO `mark_area` VALUES ('262', '101070704', '义县');
INSERT INTO `mark_area` VALUES ('263', '101070705', '黑山');
INSERT INTO `mark_area` VALUES ('264', '101070706', '北镇');
INSERT INTO `mark_area` VALUES ('265', '101070801', '营口');
INSERT INTO `mark_area` VALUES ('266', '101070802', '大石桥');
INSERT INTO `mark_area` VALUES ('267', '101070803', '盖州');
INSERT INTO `mark_area` VALUES ('268', '101070901', '阜新');
INSERT INTO `mark_area` VALUES ('269', '101070902', '彰武');
INSERT INTO `mark_area` VALUES ('270', '101071001', '辽阳');
INSERT INTO `mark_area` VALUES ('271', '101071002', '辽阳县');
INSERT INTO `mark_area` VALUES ('272', '101071003', '灯塔');
INSERT INTO `mark_area` VALUES ('273', '101071101', '铁岭');
INSERT INTO `mark_area` VALUES ('274', '101071102', '开原');
INSERT INTO `mark_area` VALUES ('275', '101071103', '昌图');
INSERT INTO `mark_area` VALUES ('276', '101071104', '西丰');
INSERT INTO `mark_area` VALUES ('277', '101071201', '朝阳');
INSERT INTO `mark_area` VALUES ('278', '101071202', '建平');
INSERT INTO `mark_area` VALUES ('279', '101071203', '凌源');
INSERT INTO `mark_area` VALUES ('280', '101071204', '喀左');
INSERT INTO `mark_area` VALUES ('281', '101071205', '北票');
INSERT INTO `mark_area` VALUES ('282', '101071206', '羊山');
INSERT INTO `mark_area` VALUES ('283', '101071207', '建平县');
INSERT INTO `mark_area` VALUES ('284', '101071301', '盘锦');
INSERT INTO `mark_area` VALUES ('285', '101071302', '大洼');
INSERT INTO `mark_area` VALUES ('286', '101071303', '盘山');
INSERT INTO `mark_area` VALUES ('287', '101071401', '葫芦岛');
INSERT INTO `mark_area` VALUES ('288', '101071402', '建昌');
INSERT INTO `mark_area` VALUES ('289', '101071403', '绥中');
INSERT INTO `mark_area` VALUES ('290', '101071404', '兴城');
INSERT INTO `mark_area` VALUES ('291', '101080101', '呼和浩特');
INSERT INTO `mark_area` VALUES ('292', '101080102', '土默特左旗');
INSERT INTO `mark_area` VALUES ('293', '101080103', '托克托');
INSERT INTO `mark_area` VALUES ('294', '101080104', '和林格尔');
INSERT INTO `mark_area` VALUES ('295', '101080105', '清水河');
INSERT INTO `mark_area` VALUES ('296', '101080106', '呼和浩特市郊区');
INSERT INTO `mark_area` VALUES ('297', '101080107', '武川');
INSERT INTO `mark_area` VALUES ('298', '101080201', '包头');
INSERT INTO `mark_area` VALUES ('299', '101080202', '白云鄂博');
INSERT INTO `mark_area` VALUES ('300', '101080203', '满都拉');
INSERT INTO `mark_area` VALUES ('301', '101080204', '土默特右旗');
INSERT INTO `mark_area` VALUES ('302', '101080205', '固阳');
INSERT INTO `mark_area` VALUES ('303', '101080206', '达尔罕茂明安联合旗');
INSERT INTO `mark_area` VALUES ('304', '101080207', '石拐');
INSERT INTO `mark_area` VALUES ('305', '101080301', '乌海');
INSERT INTO `mark_area` VALUES ('306', '101080401', '集宁');
INSERT INTO `mark_area` VALUES ('307', '101080402', '卓资');
INSERT INTO `mark_area` VALUES ('308', '101080403', '化德');
INSERT INTO `mark_area` VALUES ('309', '101080404', '商都');
INSERT INTO `mark_area` VALUES ('310', '101080405', '希拉穆仁');
INSERT INTO `mark_area` VALUES ('311', '101080406', '兴和');
INSERT INTO `mark_area` VALUES ('312', '101080407', '凉城');
INSERT INTO `mark_area` VALUES ('313', '101080408', '察哈尔右翼前旗');
INSERT INTO `mark_area` VALUES ('314', '101080409', '察哈尔右翼中旗');
INSERT INTO `mark_area` VALUES ('315', '101080410', '察哈尔右翼后旗');
INSERT INTO `mark_area` VALUES ('316', '101080411', '四子王旗');
INSERT INTO `mark_area` VALUES ('317', '101080412', '丰镇');
INSERT INTO `mark_area` VALUES ('318', '101080501', '通辽');
INSERT INTO `mark_area` VALUES ('319', '101080502', '舍伯吐');
INSERT INTO `mark_area` VALUES ('320', '101080503', '科尔沁左翼中旗');
INSERT INTO `mark_area` VALUES ('321', '101080504', '科尔沁左翼后旗');
INSERT INTO `mark_area` VALUES ('322', '101080505', '青龙山');
INSERT INTO `mark_area` VALUES ('323', '101080506', '开鲁');
INSERT INTO `mark_area` VALUES ('324', '101080507', '库伦旗');
INSERT INTO `mark_area` VALUES ('325', '101080508', '奈曼旗');
INSERT INTO `mark_area` VALUES ('326', '101080509', '扎鲁特旗');
INSERT INTO `mark_area` VALUES ('327', '101080510', '高力板');
INSERT INTO `mark_area` VALUES ('328', '101080511', '巴雅尔吐胡硕');
INSERT INTO `mark_area` VALUES ('329', '101080512', '通辽钱家店');
INSERT INTO `mark_area` VALUES ('330', '101080601', '赤峰');
INSERT INTO `mark_area` VALUES ('331', '101080602', '赤峰郊区站');
INSERT INTO `mark_area` VALUES ('332', '101080603', '阿鲁科尔沁旗');
INSERT INTO `mark_area` VALUES ('333', '101080604', '浩尔吐');
INSERT INTO `mark_area` VALUES ('334', '101080605', '巴林左旗');
INSERT INTO `mark_area` VALUES ('335', '101080606', '巴林右旗');
INSERT INTO `mark_area` VALUES ('336', '101080607', '林西');
INSERT INTO `mark_area` VALUES ('337', '101080608', '克什克腾旗');
INSERT INTO `mark_area` VALUES ('338', '101080609', '翁牛特旗');
INSERT INTO `mark_area` VALUES ('339', '101080610', '岗子');
INSERT INTO `mark_area` VALUES ('340', '101080611', '喀喇沁旗');
INSERT INTO `mark_area` VALUES ('341', '101080612', '八里罕');
INSERT INTO `mark_area` VALUES ('342', '101080613', '宁城');
INSERT INTO `mark_area` VALUES ('343', '101080614', '敖汉旗');
INSERT INTO `mark_area` VALUES ('344', '101080615', '宝过图');
INSERT INTO `mark_area` VALUES ('345', '101080701', '鄂尔多斯');
INSERT INTO `mark_area` VALUES ('346', '101080703', '达拉特旗');
INSERT INTO `mark_area` VALUES ('347', '101080704', '准格尔旗');
INSERT INTO `mark_area` VALUES ('348', '101080705', '鄂托克前旗');
INSERT INTO `mark_area` VALUES ('349', '101080706', '河南');
INSERT INTO `mark_area` VALUES ('350', '101080707', '伊克乌素');
INSERT INTO `mark_area` VALUES ('351', '101080708', '鄂托克旗');
INSERT INTO `mark_area` VALUES ('352', '101080709', '杭锦旗');
INSERT INTO `mark_area` VALUES ('353', '101080710', '乌审旗');
INSERT INTO `mark_area` VALUES ('354', '101080711', '伊金霍洛旗');
INSERT INTO `mark_area` VALUES ('355', '101080712', '乌审召');
INSERT INTO `mark_area` VALUES ('356', '101080713', '东胜');
INSERT INTO `mark_area` VALUES ('357', '101080801', '临河');
INSERT INTO `mark_area` VALUES ('358', '101080802', '五原');
INSERT INTO `mark_area` VALUES ('359', '101080803', '磴口');
INSERT INTO `mark_area` VALUES ('360', '101080804', '乌拉特前旗');
INSERT INTO `mark_area` VALUES ('361', '101080805', '大佘太');
INSERT INTO `mark_area` VALUES ('362', '101080806', '乌拉特中旗');
INSERT INTO `mark_area` VALUES ('363', '101080807', '乌拉特后旗');
INSERT INTO `mark_area` VALUES ('364', '101080808', '海力素');
INSERT INTO `mark_area` VALUES ('365', '101080809', '那仁宝力格');
INSERT INTO `mark_area` VALUES ('366', '101080810', '杭锦后旗');
INSERT INTO `mark_area` VALUES ('367', '101080811', '巴盟农试站');
INSERT INTO `mark_area` VALUES ('368', '101080901', '锡林浩特');
INSERT INTO `mark_area` VALUES ('369', '101080902', '朝克乌拉');
INSERT INTO `mark_area` VALUES ('370', '101080903', '二连浩特');
INSERT INTO `mark_area` VALUES ('371', '101080904', '阿巴嘎旗');
INSERT INTO `mark_area` VALUES ('372', '101080905', '伊和郭勒');
INSERT INTO `mark_area` VALUES ('373', '101080906', '苏尼特左旗');
INSERT INTO `mark_area` VALUES ('374', '101080907', '苏尼特右旗');
INSERT INTO `mark_area` VALUES ('375', '101080908', '朱日和');
INSERT INTO `mark_area` VALUES ('376', '101080909', '东乌珠穆沁旗');
INSERT INTO `mark_area` VALUES ('377', '101080910', '西乌珠穆沁旗');
INSERT INTO `mark_area` VALUES ('378', '101080911', '太仆寺旗');
INSERT INTO `mark_area` VALUES ('379', '101080912', '镶黄旗');
INSERT INTO `mark_area` VALUES ('380', '101080913', '正镶白旗');
INSERT INTO `mark_area` VALUES ('381', '101080914', '正兰旗');
INSERT INTO `mark_area` VALUES ('382', '101080915', '多伦');
INSERT INTO `mark_area` VALUES ('383', '101080916', '博克图');
INSERT INTO `mark_area` VALUES ('384', '101080917', '乌拉盖');
INSERT INTO `mark_area` VALUES ('385', '101080918', '白日乌拉');
INSERT INTO `mark_area` VALUES ('386', '101080919', '那日图');
INSERT INTO `mark_area` VALUES ('387', '101081000', '呼伦贝尔');
INSERT INTO `mark_area` VALUES ('388', '101081001', '海拉尔');
INSERT INTO `mark_area` VALUES ('389', '101081002', '小二沟');
INSERT INTO `mark_area` VALUES ('390', '101081003', '阿荣旗');
INSERT INTO `mark_area` VALUES ('391', '101081004', '莫力达瓦旗');
INSERT INTO `mark_area` VALUES ('392', '101081005', '鄂伦春旗');
INSERT INTO `mark_area` VALUES ('393', '101081006', '鄂温克旗');
INSERT INTO `mark_area` VALUES ('394', '101081007', '陈巴尔虎旗');
INSERT INTO `mark_area` VALUES ('395', '101081008', '新巴尔虎左旗');
INSERT INTO `mark_area` VALUES ('396', '101081009', '新巴尔虎右旗');
INSERT INTO `mark_area` VALUES ('397', '101081010', '满洲里');
INSERT INTO `mark_area` VALUES ('398', '101081011', '牙克石');
INSERT INTO `mark_area` VALUES ('399', '101081012', '扎兰屯');
INSERT INTO `mark_area` VALUES ('400', '101081014', '额尔古纳');
INSERT INTO `mark_area` VALUES ('401', '101081015', '根河');
INSERT INTO `mark_area` VALUES ('402', '101081016', '图里河');
INSERT INTO `mark_area` VALUES ('403', '101081101', '乌兰浩特');
INSERT INTO `mark_area` VALUES ('404', '101081102', '阿尔山');
INSERT INTO `mark_area` VALUES ('405', '101081103', '科尔沁右翼中旗');
INSERT INTO `mark_area` VALUES ('406', '101081104', '胡尔勒');
INSERT INTO `mark_area` VALUES ('407', '101081105', '扎赉特旗');
INSERT INTO `mark_area` VALUES ('408', '101081106', '索伦');
INSERT INTO `mark_area` VALUES ('409', '101081107', '突泉');
INSERT INTO `mark_area` VALUES ('410', '101081108', '霍林郭勒');
INSERT INTO `mark_area` VALUES ('411', '101081201', '阿拉善左旗');
INSERT INTO `mark_area` VALUES ('412', '101081202', '阿拉善右旗');
INSERT INTO `mark_area` VALUES ('413', '101081203', '额济纳旗');
INSERT INTO `mark_area` VALUES ('414', '101081204', '拐子湖');
INSERT INTO `mark_area` VALUES ('415', '101081205', '吉兰太');
INSERT INTO `mark_area` VALUES ('416', '101081206', '锡林高勒');
INSERT INTO `mark_area` VALUES ('417', '101081207', '头道湖');
INSERT INTO `mark_area` VALUES ('418', '101081208', '中泉子');
INSERT INTO `mark_area` VALUES ('419', '101081209', '巴彦诺尔贡');
INSERT INTO `mark_area` VALUES ('420', '101081210', '雅布赖');
INSERT INTO `mark_area` VALUES ('421', '101081211', '乌斯太');
INSERT INTO `mark_area` VALUES ('422', '101081212', '孪井滩');
INSERT INTO `mark_area` VALUES ('423', '101090101', '石家庄');
INSERT INTO `mark_area` VALUES ('424', '101090102', '井陉');
INSERT INTO `mark_area` VALUES ('425', '101090103', '正定');
INSERT INTO `mark_area` VALUES ('426', '101090104', '栾城');
INSERT INTO `mark_area` VALUES ('427', '101090105', '行唐');
INSERT INTO `mark_area` VALUES ('428', '101090106', '灵寿');
INSERT INTO `mark_area` VALUES ('429', '101090107', '高邑');
INSERT INTO `mark_area` VALUES ('430', '101090108', '深泽');
INSERT INTO `mark_area` VALUES ('431', '101090109', '赞皇');
INSERT INTO `mark_area` VALUES ('432', '101090110', '无极');
INSERT INTO `mark_area` VALUES ('433', '101090111', '平山');
INSERT INTO `mark_area` VALUES ('434', '101090112', '元氏');
INSERT INTO `mark_area` VALUES ('435', '101090113', '赵县');
INSERT INTO `mark_area` VALUES ('436', '101090114', '辛集');
INSERT INTO `mark_area` VALUES ('437', '101090115', '藁城');
INSERT INTO `mark_area` VALUES ('438', '101090116', '晋洲');
INSERT INTO `mark_area` VALUES ('439', '101090117', '新乐');
INSERT INTO `mark_area` VALUES ('440', '101090201', '保定');
INSERT INTO `mark_area` VALUES ('441', '101090202', '满城');
INSERT INTO `mark_area` VALUES ('442', '101090203', '阜平');
INSERT INTO `mark_area` VALUES ('443', '101090204', '徐水');
INSERT INTO `mark_area` VALUES ('444', '101090205', '唐县');
INSERT INTO `mark_area` VALUES ('445', '101090206', '高阳');
INSERT INTO `mark_area` VALUES ('446', '101090207', '容城');
INSERT INTO `mark_area` VALUES ('447', '101090208', '紫荆关');
INSERT INTO `mark_area` VALUES ('448', '101090209', '涞源');
INSERT INTO `mark_area` VALUES ('449', '101090210', '望都');
INSERT INTO `mark_area` VALUES ('450', '101090211', '安新');
INSERT INTO `mark_area` VALUES ('451', '101090212', '易县');
INSERT INTO `mark_area` VALUES ('452', '101090213', '涞水');
INSERT INTO `mark_area` VALUES ('453', '101090214', '曲阳');
INSERT INTO `mark_area` VALUES ('454', '101090215', '蠡县');
INSERT INTO `mark_area` VALUES ('455', '101090216', '顺平');
INSERT INTO `mark_area` VALUES ('456', '101090217', '雄县');
INSERT INTO `mark_area` VALUES ('457', '101090218', '涿州');
INSERT INTO `mark_area` VALUES ('458', '101090219', '定州');
INSERT INTO `mark_area` VALUES ('459', '101090220', '安国');
INSERT INTO `mark_area` VALUES ('460', '101090221', '高碑店');
INSERT INTO `mark_area` VALUES ('461', '101090301', '张家口');
INSERT INTO `mark_area` VALUES ('462', '101090302', '宣化');
INSERT INTO `mark_area` VALUES ('463', '101090303', '张北');
INSERT INTO `mark_area` VALUES ('464', '101090304', '康保');
INSERT INTO `mark_area` VALUES ('465', '101090305', '沽源');
INSERT INTO `mark_area` VALUES ('466', '101090306', '尚义');
INSERT INTO `mark_area` VALUES ('467', '101090307', '蔚县');
INSERT INTO `mark_area` VALUES ('468', '101090308', '阳原');
INSERT INTO `mark_area` VALUES ('469', '101090309', '怀安');
INSERT INTO `mark_area` VALUES ('470', '101090310', '万全');
INSERT INTO `mark_area` VALUES ('471', '101090311', '怀来');
INSERT INTO `mark_area` VALUES ('472', '101090312', '涿鹿');
INSERT INTO `mark_area` VALUES ('473', '101090313', '赤城');
INSERT INTO `mark_area` VALUES ('474', '101090314', '崇礼');
INSERT INTO `mark_area` VALUES ('475', '101090402', '承德');
INSERT INTO `mark_area` VALUES ('476', '101090403', '承德县');
INSERT INTO `mark_area` VALUES ('477', '101090404', '兴隆');
INSERT INTO `mark_area` VALUES ('478', '101090405', '平泉');
INSERT INTO `mark_area` VALUES ('479', '101090406', '滦平');
INSERT INTO `mark_area` VALUES ('480', '101090407', '隆化');
INSERT INTO `mark_area` VALUES ('481', '101090408', '丰宁');
INSERT INTO `mark_area` VALUES ('482', '101090409', '宽城');
INSERT INTO `mark_area` VALUES ('483', '101090410', '围场');
INSERT INTO `mark_area` VALUES ('484', '101090411', '塞罕坎');
INSERT INTO `mark_area` VALUES ('485', '101090501', '唐山');
INSERT INTO `mark_area` VALUES ('486', '101090502', '丰南');
INSERT INTO `mark_area` VALUES ('487', '101090503', '丰润');
INSERT INTO `mark_area` VALUES ('488', '101090504', '滦县');
INSERT INTO `mark_area` VALUES ('489', '101090505', '滦南');
INSERT INTO `mark_area` VALUES ('490', '101090506', '乐亭');
INSERT INTO `mark_area` VALUES ('491', '101090507', '迁西');
INSERT INTO `mark_area` VALUES ('492', '101090508', '玉田');
INSERT INTO `mark_area` VALUES ('493', '101090509', '唐海');
INSERT INTO `mark_area` VALUES ('494', '101090510', '遵化');
INSERT INTO `mark_area` VALUES ('495', '101090511', '迁安');
INSERT INTO `mark_area` VALUES ('496', '101090601', '廊坊');
INSERT INTO `mark_area` VALUES ('497', '101090602', '固安');
INSERT INTO `mark_area` VALUES ('498', '101090603', '永清');
INSERT INTO `mark_area` VALUES ('499', '101090604', '香河');
INSERT INTO `mark_area` VALUES ('500', '101090605', '大城');
INSERT INTO `mark_area` VALUES ('501', '101090606', '文安');
INSERT INTO `mark_area` VALUES ('502', '101090607', '大厂');
INSERT INTO `mark_area` VALUES ('503', '101090608', '霸州');
INSERT INTO `mark_area` VALUES ('504', '101090609', '三河');
INSERT INTO `mark_area` VALUES ('505', '101090701', '沧州');
INSERT INTO `mark_area` VALUES ('506', '101090702', '青县');
INSERT INTO `mark_area` VALUES ('507', '101090703', '东光');
INSERT INTO `mark_area` VALUES ('508', '101090704', '海兴');
INSERT INTO `mark_area` VALUES ('509', '101090705', '盐山');
INSERT INTO `mark_area` VALUES ('510', '101090706', '肃宁');
INSERT INTO `mark_area` VALUES ('511', '101090707', '南皮');
INSERT INTO `mark_area` VALUES ('512', '101090708', '吴桥');
INSERT INTO `mark_area` VALUES ('513', '101090709', '献县');
INSERT INTO `mark_area` VALUES ('514', '101090710', '孟村');
INSERT INTO `mark_area` VALUES ('515', '101090711', '泊头');
INSERT INTO `mark_area` VALUES ('516', '101090712', '任丘');
INSERT INTO `mark_area` VALUES ('517', '101090713', '黄骅');
INSERT INTO `mark_area` VALUES ('518', '101090714', '河间');
INSERT INTO `mark_area` VALUES ('519', '101090715', '曹妃甸');
INSERT INTO `mark_area` VALUES ('520', '101090801', '衡水');
INSERT INTO `mark_area` VALUES ('521', '101090802', '枣强');
INSERT INTO `mark_area` VALUES ('522', '101090803', '武邑');
INSERT INTO `mark_area` VALUES ('523', '101090804', '武强');
INSERT INTO `mark_area` VALUES ('524', '101090805', '饶阳');
INSERT INTO `mark_area` VALUES ('525', '101090806', '安平');
INSERT INTO `mark_area` VALUES ('526', '101090807', '故城');
INSERT INTO `mark_area` VALUES ('527', '101090808', '景县');
INSERT INTO `mark_area` VALUES ('528', '101090809', '阜城');
INSERT INTO `mark_area` VALUES ('529', '101090810', '冀州');
INSERT INTO `mark_area` VALUES ('530', '101090811', '深州');
INSERT INTO `mark_area` VALUES ('531', '101090901', '邢台');
INSERT INTO `mark_area` VALUES ('532', '101090902', '临城');
INSERT INTO `mark_area` VALUES ('533', '101090903', '邢台县浆水');
INSERT INTO `mark_area` VALUES ('534', '101090904', '内邱');
INSERT INTO `mark_area` VALUES ('535', '101090905', '柏乡');
INSERT INTO `mark_area` VALUES ('536', '101090906', '隆尧');
INSERT INTO `mark_area` VALUES ('537', '101090907', '南和');
INSERT INTO `mark_area` VALUES ('538', '101090908', '宁晋');
INSERT INTO `mark_area` VALUES ('539', '101090909', '巨鹿');
INSERT INTO `mark_area` VALUES ('540', '101090910', '新河');
INSERT INTO `mark_area` VALUES ('541', '101090911', '广宗');
INSERT INTO `mark_area` VALUES ('542', '101090912', '平乡');
INSERT INTO `mark_area` VALUES ('543', '101090913', '威县');
INSERT INTO `mark_area` VALUES ('544', '101090914', '清河');
INSERT INTO `mark_area` VALUES ('545', '101090915', '临西');
INSERT INTO `mark_area` VALUES ('546', '101090916', '南宫');
INSERT INTO `mark_area` VALUES ('547', '101090917', '沙河');
INSERT INTO `mark_area` VALUES ('548', '101090918', '任县');
INSERT INTO `mark_area` VALUES ('549', '101091001', '邯郸');
INSERT INTO `mark_area` VALUES ('550', '101091002', '峰峰');
INSERT INTO `mark_area` VALUES ('551', '101091003', '临漳');
INSERT INTO `mark_area` VALUES ('552', '101091004', '成安');
INSERT INTO `mark_area` VALUES ('553', '101091005', '大名');
INSERT INTO `mark_area` VALUES ('554', '101091006', '涉县');
INSERT INTO `mark_area` VALUES ('555', '101091007', '磁县');
INSERT INTO `mark_area` VALUES ('556', '101091008', '肥乡');
INSERT INTO `mark_area` VALUES ('557', '101091009', '永年');
INSERT INTO `mark_area` VALUES ('558', '101091010', '邱县');
INSERT INTO `mark_area` VALUES ('559', '101091011', '鸡泽');
INSERT INTO `mark_area` VALUES ('560', '101091012', '广平');
INSERT INTO `mark_area` VALUES ('561', '101091013', '馆陶');
INSERT INTO `mark_area` VALUES ('562', '101091014', '魏县');
INSERT INTO `mark_area` VALUES ('563', '101091015', '曲周');
INSERT INTO `mark_area` VALUES ('564', '101091016', '武安');
INSERT INTO `mark_area` VALUES ('565', '101091101', '秦皇岛');
INSERT INTO `mark_area` VALUES ('566', '101091102', '青龙');
INSERT INTO `mark_area` VALUES ('567', '101091103', '昌黎');
INSERT INTO `mark_area` VALUES ('568', '101091104', '抚宁');
INSERT INTO `mark_area` VALUES ('569', '101091105', '卢龙');
INSERT INTO `mark_area` VALUES ('570', '101091106', '北戴河');
INSERT INTO `mark_area` VALUES ('571', '101100101', '太原');
INSERT INTO `mark_area` VALUES ('572', '101100102', '清徐');
INSERT INTO `mark_area` VALUES ('573', '101100103', '阳曲');
INSERT INTO `mark_area` VALUES ('574', '101100104', '娄烦');
INSERT INTO `mark_area` VALUES ('575', '101100105', '太原古交区');
INSERT INTO `mark_area` VALUES ('576', '101100106', '太原北郊');
INSERT INTO `mark_area` VALUES ('577', '101100107', '太原南郊');
INSERT INTO `mark_area` VALUES ('578', '101100201', '大同');
INSERT INTO `mark_area` VALUES ('579', '101100202', '阳高');
INSERT INTO `mark_area` VALUES ('580', '101100203', '大同县');
INSERT INTO `mark_area` VALUES ('581', '101100204', '天镇');
INSERT INTO `mark_area` VALUES ('582', '101100205', '广灵');
INSERT INTO `mark_area` VALUES ('583', '101100206', '灵邱');
INSERT INTO `mark_area` VALUES ('584', '101100207', '浑源');
INSERT INTO `mark_area` VALUES ('585', '101100208', '左云');
INSERT INTO `mark_area` VALUES ('586', '101100301', '阳泉');
INSERT INTO `mark_area` VALUES ('587', '101100302', '盂县');
INSERT INTO `mark_area` VALUES ('588', '101100303', '平定');
INSERT INTO `mark_area` VALUES ('589', '101100401', '晋中');
INSERT INTO `mark_area` VALUES ('590', '101100402', '榆次');
INSERT INTO `mark_area` VALUES ('591', '101100403', '榆社');
INSERT INTO `mark_area` VALUES ('592', '101100404', '左权');
INSERT INTO `mark_area` VALUES ('593', '101100405', '和顺');
INSERT INTO `mark_area` VALUES ('594', '101100406', '昔阳');
INSERT INTO `mark_area` VALUES ('595', '101100407', '寿阳');
INSERT INTO `mark_area` VALUES ('596', '101100408', '太谷');
INSERT INTO `mark_area` VALUES ('597', '101100409', '祁县');
INSERT INTO `mark_area` VALUES ('598', '101100410', '平遥');
INSERT INTO `mark_area` VALUES ('599', '101100411', '灵石');
INSERT INTO `mark_area` VALUES ('600', '101100412', '介休');
INSERT INTO `mark_area` VALUES ('601', '101100501', '长治');
INSERT INTO `mark_area` VALUES ('602', '101100502', '黎城');
INSERT INTO `mark_area` VALUES ('603', '101100503', '屯留');
INSERT INTO `mark_area` VALUES ('604', '101100504', '潞城');
INSERT INTO `mark_area` VALUES ('605', '101100505', '襄垣');
INSERT INTO `mark_area` VALUES ('606', '101100506', '平顺');
INSERT INTO `mark_area` VALUES ('607', '101100507', '武乡');
INSERT INTO `mark_area` VALUES ('608', '101100508', '沁县');
INSERT INTO `mark_area` VALUES ('609', '101100509', '长子');
INSERT INTO `mark_area` VALUES ('610', '101100510', '沁源');
INSERT INTO `mark_area` VALUES ('611', '101100511', '壶关');
INSERT INTO `mark_area` VALUES ('612', '101100601', '晋城');
INSERT INTO `mark_area` VALUES ('613', '101100602', '沁水');
INSERT INTO `mark_area` VALUES ('614', '101100603', '阳城');
INSERT INTO `mark_area` VALUES ('615', '101100604', '陵川');
INSERT INTO `mark_area` VALUES ('616', '101100605', '高平');
INSERT INTO `mark_area` VALUES ('617', '101100701', '临汾');
INSERT INTO `mark_area` VALUES ('618', '101100702', '曲沃');
INSERT INTO `mark_area` VALUES ('619', '101100703', '永和');
INSERT INTO `mark_area` VALUES ('620', '101100704', '隰县');
INSERT INTO `mark_area` VALUES ('621', '101100705', '大宁');
INSERT INTO `mark_area` VALUES ('622', '101100706', '吉县');
INSERT INTO `mark_area` VALUES ('623', '101100707', '襄汾');
INSERT INTO `mark_area` VALUES ('624', '101100708', '蒲县');
INSERT INTO `mark_area` VALUES ('625', '101100709', '汾西');
INSERT INTO `mark_area` VALUES ('626', '101100710', '洪洞');
INSERT INTO `mark_area` VALUES ('627', '101100711', '霍州');
INSERT INTO `mark_area` VALUES ('628', '101100712', '乡宁');
INSERT INTO `mark_area` VALUES ('629', '101100713', '翼城');
INSERT INTO `mark_area` VALUES ('630', '101100714', '侯马');
INSERT INTO `mark_area` VALUES ('631', '101100715', '浮山');
INSERT INTO `mark_area` VALUES ('632', '101100716', '安泽');
INSERT INTO `mark_area` VALUES ('633', '101100717', '古县');
INSERT INTO `mark_area` VALUES ('634', '101100801', '运城');
INSERT INTO `mark_area` VALUES ('635', '101100802', '临猗');
INSERT INTO `mark_area` VALUES ('636', '101100803', '稷山');
INSERT INTO `mark_area` VALUES ('637', '101100804', '万荣');
INSERT INTO `mark_area` VALUES ('638', '101100805', '河津');
INSERT INTO `mark_area` VALUES ('639', '101100806', '新绛');
INSERT INTO `mark_area` VALUES ('640', '101100807', '绛县');
INSERT INTO `mark_area` VALUES ('641', '101100808', '闻喜');
INSERT INTO `mark_area` VALUES ('642', '101100809', '垣曲');
INSERT INTO `mark_area` VALUES ('643', '101100810', '永济');
INSERT INTO `mark_area` VALUES ('644', '101100811', '芮城');
INSERT INTO `mark_area` VALUES ('645', '101100812', '夏县');
INSERT INTO `mark_area` VALUES ('646', '101100813', '平陆');
INSERT INTO `mark_area` VALUES ('647', '101100901', '朔州');
INSERT INTO `mark_area` VALUES ('648', '101100902', '平鲁');
INSERT INTO `mark_area` VALUES ('649', '101100903', '山阴');
INSERT INTO `mark_area` VALUES ('650', '101100904', '右玉');
INSERT INTO `mark_area` VALUES ('651', '101100905', '应县');
INSERT INTO `mark_area` VALUES ('652', '101100906', '怀仁');
INSERT INTO `mark_area` VALUES ('653', '101101001', '忻州');
INSERT INTO `mark_area` VALUES ('654', '101101002', '定襄');
INSERT INTO `mark_area` VALUES ('655', '101101003', '五台县豆村');
INSERT INTO `mark_area` VALUES ('656', '101101004', '河曲');
INSERT INTO `mark_area` VALUES ('657', '101101005', '偏关');
INSERT INTO `mark_area` VALUES ('658', '101101006', '神池');
INSERT INTO `mark_area` VALUES ('659', '101101007', '宁武');
INSERT INTO `mark_area` VALUES ('660', '101101008', '代县');
INSERT INTO `mark_area` VALUES ('661', '101101009', '繁峙');
INSERT INTO `mark_area` VALUES ('662', '101101010', '五台山');
INSERT INTO `mark_area` VALUES ('663', '101101011', '保德');
INSERT INTO `mark_area` VALUES ('664', '101101012', '静乐');
INSERT INTO `mark_area` VALUES ('665', '101101013', '岢岚');
INSERT INTO `mark_area` VALUES ('666', '101101014', '五寨');
INSERT INTO `mark_area` VALUES ('667', '101101015', '原平');
INSERT INTO `mark_area` VALUES ('668', '101101100', '吕梁');
INSERT INTO `mark_area` VALUES ('669', '101101101', '离石');
INSERT INTO `mark_area` VALUES ('670', '101101102', '临县');
INSERT INTO `mark_area` VALUES ('671', '101101103', '兴县');
INSERT INTO `mark_area` VALUES ('672', '101101104', '岚县');
INSERT INTO `mark_area` VALUES ('673', '101101105', '柳林');
INSERT INTO `mark_area` VALUES ('674', '101101106', '石楼');
INSERT INTO `mark_area` VALUES ('675', '101101107', '方山');
INSERT INTO `mark_area` VALUES ('676', '101101108', '交口');
INSERT INTO `mark_area` VALUES ('677', '101101109', '中阳');
INSERT INTO `mark_area` VALUES ('678', '101101110', '孝义');
INSERT INTO `mark_area` VALUES ('679', '101101111', '汾阳');
INSERT INTO `mark_area` VALUES ('680', '101101112', '文水');
INSERT INTO `mark_area` VALUES ('681', '101101113', '交城');
INSERT INTO `mark_area` VALUES ('682', '101110101', '西安');
INSERT INTO `mark_area` VALUES ('683', '101110102', '长安');
INSERT INTO `mark_area` VALUES ('684', '101110103', '临潼');
INSERT INTO `mark_area` VALUES ('685', '101110104', '蓝田');
INSERT INTO `mark_area` VALUES ('686', '101110105', '周至');
INSERT INTO `mark_area` VALUES ('687', '101110106', '户县');
INSERT INTO `mark_area` VALUES ('688', '101110107', '高陵');
INSERT INTO `mark_area` VALUES ('689', '101110108', '杨凌');
INSERT INTO `mark_area` VALUES ('690', '101110200', '咸阳');
INSERT INTO `mark_area` VALUES ('691', '101110201', '三原');
INSERT INTO `mark_area` VALUES ('692', '101110202', '礼泉');
INSERT INTO `mark_area` VALUES ('693', '101110203', '永寿');
INSERT INTO `mark_area` VALUES ('694', '101110204', '淳化');
INSERT INTO `mark_area` VALUES ('695', '101110205', '泾阳');
INSERT INTO `mark_area` VALUES ('696', '101110206', '武功');
INSERT INTO `mark_area` VALUES ('697', '101110207', '乾县');
INSERT INTO `mark_area` VALUES ('698', '101110208', '彬县');
INSERT INTO `mark_area` VALUES ('699', '101110209', '长武');
INSERT INTO `mark_area` VALUES ('700', '101110210', '旬邑');
INSERT INTO `mark_area` VALUES ('701', '101110211', '兴平');
INSERT INTO `mark_area` VALUES ('702', '101110300', '延安');
INSERT INTO `mark_area` VALUES ('703', '101110301', '延长');
INSERT INTO `mark_area` VALUES ('704', '101110302', '延川');
INSERT INTO `mark_area` VALUES ('705', '101110303', '子长');
INSERT INTO `mark_area` VALUES ('706', '101110304', '宜川');
INSERT INTO `mark_area` VALUES ('707', '101110305', '富县');
INSERT INTO `mark_area` VALUES ('708', '101110306', '志丹');
INSERT INTO `mark_area` VALUES ('709', '101110307', '安塞');
INSERT INTO `mark_area` VALUES ('710', '101110308', '甘泉');
INSERT INTO `mark_area` VALUES ('711', '101110309', '洛川');
INSERT INTO `mark_area` VALUES ('712', '101110310', '黄陵');
INSERT INTO `mark_area` VALUES ('713', '101110311', '黄龙');
INSERT INTO `mark_area` VALUES ('714', '101110312', '吴起');
INSERT INTO `mark_area` VALUES ('715', '101110401', '榆林');
INSERT INTO `mark_area` VALUES ('716', '101110402', '府谷');
INSERT INTO `mark_area` VALUES ('717', '101110403', '神木');
INSERT INTO `mark_area` VALUES ('718', '101110404', '佳县');
INSERT INTO `mark_area` VALUES ('719', '101110405', '定边');
INSERT INTO `mark_area` VALUES ('720', '101110406', '靖边');
INSERT INTO `mark_area` VALUES ('721', '101110407', '横山');
INSERT INTO `mark_area` VALUES ('722', '101110408', '米脂');
INSERT INTO `mark_area` VALUES ('723', '101110409', '子洲');
INSERT INTO `mark_area` VALUES ('724', '101110410', '绥德');
INSERT INTO `mark_area` VALUES ('725', '101110411', '吴堡');
INSERT INTO `mark_area` VALUES ('726', '101110412', '清涧');
INSERT INTO `mark_area` VALUES ('727', '101110501', '渭南');
INSERT INTO `mark_area` VALUES ('728', '101110502', '华县');
INSERT INTO `mark_area` VALUES ('729', '101110503', '潼关');
INSERT INTO `mark_area` VALUES ('730', '101110504', '大荔');
INSERT INTO `mark_area` VALUES ('731', '101110505', '白水');
INSERT INTO `mark_area` VALUES ('732', '101110506', '富平');
INSERT INTO `mark_area` VALUES ('733', '101110507', '蒲城');
INSERT INTO `mark_area` VALUES ('734', '101110508', '澄城');
INSERT INTO `mark_area` VALUES ('735', '101110509', '合阳');
INSERT INTO `mark_area` VALUES ('736', '101110510', '韩城');
INSERT INTO `mark_area` VALUES ('737', '101110511', '华阴');
INSERT INTO `mark_area` VALUES ('738', '101110512', '华山');
INSERT INTO `mark_area` VALUES ('739', '101110601', '商洛');
INSERT INTO `mark_area` VALUES ('740', '101110602', '洛南');
INSERT INTO `mark_area` VALUES ('741', '101110603', '柞水');
INSERT INTO `mark_area` VALUES ('742', '101110605', '镇安');
INSERT INTO `mark_area` VALUES ('743', '101110606', '丹凤');
INSERT INTO `mark_area` VALUES ('744', '101110607', '商南');
INSERT INTO `mark_area` VALUES ('745', '101110608', '山阳');
INSERT INTO `mark_area` VALUES ('746', '101110701', '安康');
INSERT INTO `mark_area` VALUES ('747', '101110702', '紫阳');
INSERT INTO `mark_area` VALUES ('748', '101110703', '石泉');
INSERT INTO `mark_area` VALUES ('749', '101110704', '汉阴');
INSERT INTO `mark_area` VALUES ('750', '101110705', '旬阳');
INSERT INTO `mark_area` VALUES ('751', '101110706', '岚皋');
INSERT INTO `mark_area` VALUES ('752', '101110707', '平利');
INSERT INTO `mark_area` VALUES ('753', '101110708', '白河');
INSERT INTO `mark_area` VALUES ('754', '101110709', '镇坪');
INSERT INTO `mark_area` VALUES ('755', '101110710', '宁陕');
INSERT INTO `mark_area` VALUES ('756', '101110801', '汉中');
INSERT INTO `mark_area` VALUES ('757', '101110802', '略阳');
INSERT INTO `mark_area` VALUES ('758', '101110803', '勉县');
INSERT INTO `mark_area` VALUES ('759', '101110804', '留坝');
INSERT INTO `mark_area` VALUES ('760', '101110805', '洋县');
INSERT INTO `mark_area` VALUES ('761', '101110806', '城固');
INSERT INTO `mark_area` VALUES ('762', '101110807', '西乡');
INSERT INTO `mark_area` VALUES ('763', '101110808', '佛坪');
INSERT INTO `mark_area` VALUES ('764', '101110809', '宁强');
INSERT INTO `mark_area` VALUES ('765', '101110810', '南郑');
INSERT INTO `mark_area` VALUES ('766', '101110811', '镇巴');
INSERT INTO `mark_area` VALUES ('767', '101110901', '宝鸡');
INSERT INTO `mark_area` VALUES ('768', '101110902', '宝鸡县');
INSERT INTO `mark_area` VALUES ('769', '101110903', '千阳');
INSERT INTO `mark_area` VALUES ('770', '101110904', '麟游');
INSERT INTO `mark_area` VALUES ('771', '101110905', '岐山');
INSERT INTO `mark_area` VALUES ('772', '101110906', '凤翔');
INSERT INTO `mark_area` VALUES ('773', '101110907', '扶风');
INSERT INTO `mark_area` VALUES ('774', '101110908', '眉县');
INSERT INTO `mark_area` VALUES ('775', '101110909', '太白');
INSERT INTO `mark_area` VALUES ('776', '101110910', '凤县');
INSERT INTO `mark_area` VALUES ('777', '101110911', '陇县');
INSERT INTO `mark_area` VALUES ('778', '101111001', '铜川');
INSERT INTO `mark_area` VALUES ('779', '101111002', '耀县');
INSERT INTO `mark_area` VALUES ('780', '101111003', '宜君');
INSERT INTO `mark_area` VALUES ('781', '101120101', '济南');
INSERT INTO `mark_area` VALUES ('782', '101120102', '长清');
INSERT INTO `mark_area` VALUES ('783', '101120103', '商河');
INSERT INTO `mark_area` VALUES ('784', '101120104', '章丘');
INSERT INTO `mark_area` VALUES ('785', '101120105', '平阴');
INSERT INTO `mark_area` VALUES ('786', '101120106', '济阳');
INSERT INTO `mark_area` VALUES ('787', '101120201', '青岛');
INSERT INTO `mark_area` VALUES ('788', '101120202', '崂山');
INSERT INTO `mark_area` VALUES ('789', '101120203', '潮连岛');
INSERT INTO `mark_area` VALUES ('790', '101120204', '即墨');
INSERT INTO `mark_area` VALUES ('791', '101120205', '胶州');
INSERT INTO `mark_area` VALUES ('792', '101120206', '胶南');
INSERT INTO `mark_area` VALUES ('793', '101120207', '莱西');
INSERT INTO `mark_area` VALUES ('794', '101120208', '平度');
INSERT INTO `mark_area` VALUES ('795', '101120301', '淄博');
INSERT INTO `mark_area` VALUES ('796', '101120302', '淄川');
INSERT INTO `mark_area` VALUES ('797', '101120303', '博山');
INSERT INTO `mark_area` VALUES ('798', '101120304', '高青');
INSERT INTO `mark_area` VALUES ('799', '101120305', '周村');
INSERT INTO `mark_area` VALUES ('800', '101120306', '沂源');
INSERT INTO `mark_area` VALUES ('801', '101120307', '桓台');
INSERT INTO `mark_area` VALUES ('802', '101120308', '临淄');
INSERT INTO `mark_area` VALUES ('803', '101120401', '德州');
INSERT INTO `mark_area` VALUES ('804', '101120402', '武城');
INSERT INTO `mark_area` VALUES ('805', '101120403', '临邑');
INSERT INTO `mark_area` VALUES ('806', '101120404', '陵县');
INSERT INTO `mark_area` VALUES ('807', '101120405', '齐河');
INSERT INTO `mark_area` VALUES ('808', '101120406', '乐陵');
INSERT INTO `mark_area` VALUES ('809', '101120407', '庆云');
INSERT INTO `mark_area` VALUES ('810', '101120408', '平原');
INSERT INTO `mark_area` VALUES ('811', '101120409', '宁津');
INSERT INTO `mark_area` VALUES ('812', '101120410', '夏津');
INSERT INTO `mark_area` VALUES ('813', '101120411', '禹城');
INSERT INTO `mark_area` VALUES ('814', '101120501', '烟台');
INSERT INTO `mark_area` VALUES ('815', '101120502', '莱州');
INSERT INTO `mark_area` VALUES ('816', '101120503', '长岛');
INSERT INTO `mark_area` VALUES ('817', '101120504', '蓬莱');
INSERT INTO `mark_area` VALUES ('818', '101120505', '龙口');
INSERT INTO `mark_area` VALUES ('819', '101120506', '招远');
INSERT INTO `mark_area` VALUES ('820', '101120507', '栖霞');
INSERT INTO `mark_area` VALUES ('821', '101120508', '福山');
INSERT INTO `mark_area` VALUES ('822', '101120509', '牟平');
INSERT INTO `mark_area` VALUES ('823', '101120510', '莱阳');
INSERT INTO `mark_area` VALUES ('824', '101120511', '海阳');
INSERT INTO `mark_area` VALUES ('825', '101120512', '千里岩');
INSERT INTO `mark_area` VALUES ('826', '101120601', '潍坊');
INSERT INTO `mark_area` VALUES ('827', '101120602', '青州');
INSERT INTO `mark_area` VALUES ('828', '101120603', '寿光');
INSERT INTO `mark_area` VALUES ('829', '101120604', '临朐');
INSERT INTO `mark_area` VALUES ('830', '101120605', '昌乐');
INSERT INTO `mark_area` VALUES ('831', '101120606', '昌邑');
INSERT INTO `mark_area` VALUES ('832', '101120607', '安丘');
INSERT INTO `mark_area` VALUES ('833', '101120608', '高密');
INSERT INTO `mark_area` VALUES ('834', '101120609', '诸城');
INSERT INTO `mark_area` VALUES ('835', '101120701', '济宁');
INSERT INTO `mark_area` VALUES ('836', '101120702', '嘉祥');
INSERT INTO `mark_area` VALUES ('837', '101120703', '微山');
INSERT INTO `mark_area` VALUES ('838', '101120704', '鱼台');
INSERT INTO `mark_area` VALUES ('839', '101120705', '兖州');
INSERT INTO `mark_area` VALUES ('840', '101120706', '金乡');
INSERT INTO `mark_area` VALUES ('841', '101120707', '汶上');
INSERT INTO `mark_area` VALUES ('842', '101120708', '泗水');
INSERT INTO `mark_area` VALUES ('843', '101120709', '梁山');
INSERT INTO `mark_area` VALUES ('844', '101120710', '曲阜');
INSERT INTO `mark_area` VALUES ('845', '101120711', '邹城');
INSERT INTO `mark_area` VALUES ('846', '101120801', '泰安');
INSERT INTO `mark_area` VALUES ('847', '101120802', '新泰');
INSERT INTO `mark_area` VALUES ('848', '101120803', '泰山');
INSERT INTO `mark_area` VALUES ('849', '101120804', '肥城');
INSERT INTO `mark_area` VALUES ('850', '101120805', '东平');
INSERT INTO `mark_area` VALUES ('851', '101120806', '宁阳');
INSERT INTO `mark_area` VALUES ('852', '101120901', '临沂');
INSERT INTO `mark_area` VALUES ('853', '101120902', '莒南');
INSERT INTO `mark_area` VALUES ('854', '101120903', '沂南');
INSERT INTO `mark_area` VALUES ('855', '101120904', '苍山');
INSERT INTO `mark_area` VALUES ('856', '101120905', '临沭');
INSERT INTO `mark_area` VALUES ('857', '101120906', '郯城');
INSERT INTO `mark_area` VALUES ('858', '101120907', '蒙阴');
INSERT INTO `mark_area` VALUES ('859', '101120908', '平邑');
INSERT INTO `mark_area` VALUES ('860', '101120909', '费县');
INSERT INTO `mark_area` VALUES ('861', '101120910', '沂水');
INSERT INTO `mark_area` VALUES ('862', '101120911', '马站');
INSERT INTO `mark_area` VALUES ('863', '101121001', '菏泽');
INSERT INTO `mark_area` VALUES ('864', '101121002', '鄄城');
INSERT INTO `mark_area` VALUES ('865', '101121003', '郓城');
INSERT INTO `mark_area` VALUES ('866', '101121004', '东明');
INSERT INTO `mark_area` VALUES ('867', '101121005', '定陶');
INSERT INTO `mark_area` VALUES ('868', '101121006', '巨野');
INSERT INTO `mark_area` VALUES ('869', '101121007', '曹县');
INSERT INTO `mark_area` VALUES ('870', '101121008', '成武');
INSERT INTO `mark_area` VALUES ('871', '101121009', '单县');
INSERT INTO `mark_area` VALUES ('872', '101121101', '滨州');
INSERT INTO `mark_area` VALUES ('873', '101121102', '博兴');
INSERT INTO `mark_area` VALUES ('874', '101121103', '无棣');
INSERT INTO `mark_area` VALUES ('875', '101121104', '阳信');
INSERT INTO `mark_area` VALUES ('876', '101121105', '惠民');
INSERT INTO `mark_area` VALUES ('877', '101121106', '沾化');
INSERT INTO `mark_area` VALUES ('878', '101121107', '邹平');
INSERT INTO `mark_area` VALUES ('879', '101121201', '东营');
INSERT INTO `mark_area` VALUES ('880', '101121202', '河口');
INSERT INTO `mark_area` VALUES ('881', '101121203', '垦利');
INSERT INTO `mark_area` VALUES ('882', '101121204', '利津');
INSERT INTO `mark_area` VALUES ('883', '101121205', '广饶');
INSERT INTO `mark_area` VALUES ('884', '101121301', '威海');
INSERT INTO `mark_area` VALUES ('885', '101121302', '文登');
INSERT INTO `mark_area` VALUES ('886', '101121303', '荣成');
INSERT INTO `mark_area` VALUES ('887', '101121304', '乳山');
INSERT INTO `mark_area` VALUES ('888', '101121305', '成山头');
INSERT INTO `mark_area` VALUES ('889', '101121306', '石岛');
INSERT INTO `mark_area` VALUES ('890', '101121401', '枣庄');
INSERT INTO `mark_area` VALUES ('891', '101121402', '薛城');
INSERT INTO `mark_area` VALUES ('892', '101121403', '峄城');
INSERT INTO `mark_area` VALUES ('893', '101121404', '台儿庄');
INSERT INTO `mark_area` VALUES ('894', '101121405', '滕州');
INSERT INTO `mark_area` VALUES ('895', '101121501', '日照');
INSERT INTO `mark_area` VALUES ('896', '101121502', '五莲');
INSERT INTO `mark_area` VALUES ('897', '101121503', '莒县');
INSERT INTO `mark_area` VALUES ('898', '101121601', '莱芜');
INSERT INTO `mark_area` VALUES ('899', '101121701', '聊城');
INSERT INTO `mark_area` VALUES ('900', '101121702', '冠县');
INSERT INTO `mark_area` VALUES ('901', '101121703', '阳谷');
INSERT INTO `mark_area` VALUES ('902', '101121704', '高唐');
INSERT INTO `mark_area` VALUES ('903', '101121705', '茌平');
INSERT INTO `mark_area` VALUES ('904', '101121706', '东阿');
INSERT INTO `mark_area` VALUES ('905', '101121707', '临清');
INSERT INTO `mark_area` VALUES ('906', '101121708', '朝城');
INSERT INTO `mark_area` VALUES ('907', '101121709', '莘县');
INSERT INTO `mark_area` VALUES ('908', '101130101', '乌鲁木齐');
INSERT INTO `mark_area` VALUES ('909', '101130102', '蔡家湖');
INSERT INTO `mark_area` VALUES ('910', '101130103', '小渠子');
INSERT INTO `mark_area` VALUES ('911', '101130104', '巴仑台');
INSERT INTO `mark_area` VALUES ('912', '101130105', '达坂城');
INSERT INTO `mark_area` VALUES ('913', '101130106', '十三间房气象站');
INSERT INTO `mark_area` VALUES ('914', '101130107', '天山大西沟');
INSERT INTO `mark_area` VALUES ('915', '101130108', '乌鲁木齐牧试站');
INSERT INTO `mark_area` VALUES ('916', '101130109', '天池');
INSERT INTO `mark_area` VALUES ('917', '101130110', '白杨沟');
INSERT INTO `mark_area` VALUES ('918', '101130201', '克拉玛依');
INSERT INTO `mark_area` VALUES ('919', '101130301', '石河子');
INSERT INTO `mark_area` VALUES ('920', '101130302', '炮台');
INSERT INTO `mark_area` VALUES ('921', '101130303', '莫索湾');
INSERT INTO `mark_area` VALUES ('922', '101130304', '乌兰乌苏');
INSERT INTO `mark_area` VALUES ('923', '101130401', '昌吉');
INSERT INTO `mark_area` VALUES ('924', '101130402', '呼图壁');
INSERT INTO `mark_area` VALUES ('925', '101130403', '米泉');
INSERT INTO `mark_area` VALUES ('926', '101130404', '阜康');
INSERT INTO `mark_area` VALUES ('927', '101130405', '吉木萨尔');
INSERT INTO `mark_area` VALUES ('928', '101130406', '奇台');
INSERT INTO `mark_area` VALUES ('929', '101130407', '玛纳斯');
INSERT INTO `mark_area` VALUES ('930', '101130408', '木垒');
INSERT INTO `mark_area` VALUES ('931', '101130409', '北塔山');
INSERT INTO `mark_area` VALUES ('932', '101130501', '吐鲁番');
INSERT INTO `mark_area` VALUES ('933', '101130502', '托克逊');
INSERT INTO `mark_area` VALUES ('934', '101130503', '吐鲁番东坎');
INSERT INTO `mark_area` VALUES ('935', '101130504', '鄯善');
INSERT INTO `mark_area` VALUES ('936', '101130505', '红柳河');
INSERT INTO `mark_area` VALUES ('937', '101130601', '库尔勒');
INSERT INTO `mark_area` VALUES ('938', '101130602', '轮台');
INSERT INTO `mark_area` VALUES ('939', '101130603', '尉犁');
INSERT INTO `mark_area` VALUES ('940', '101130604', '若羌');
INSERT INTO `mark_area` VALUES ('941', '101130605', '且末');
INSERT INTO `mark_area` VALUES ('942', '101130606', '和静');
INSERT INTO `mark_area` VALUES ('943', '101130607', '焉耆');
INSERT INTO `mark_area` VALUES ('944', '101130608', '和硕');
INSERT INTO `mark_area` VALUES ('945', '101130609', '库米什');
INSERT INTO `mark_area` VALUES ('946', '101130610', '巴音布鲁克');
INSERT INTO `mark_area` VALUES ('947', '101130611', '铁干里克');
INSERT INTO `mark_area` VALUES ('948', '101130612', '博湖');
INSERT INTO `mark_area` VALUES ('949', '101130613', '塔中');
INSERT INTO `mark_area` VALUES ('950', '101130701', '阿拉尔');
INSERT INTO `mark_area` VALUES ('951', '101130801', '阿克苏');
INSERT INTO `mark_area` VALUES ('952', '101130802', '乌什');
INSERT INTO `mark_area` VALUES ('953', '101130803', '温宿');
INSERT INTO `mark_area` VALUES ('954', '101130804', '拜城');
INSERT INTO `mark_area` VALUES ('955', '101130805', '新和');
INSERT INTO `mark_area` VALUES ('956', '101130806', '沙雅');
INSERT INTO `mark_area` VALUES ('957', '101130807', '库车');
INSERT INTO `mark_area` VALUES ('958', '101130808', '柯坪');
INSERT INTO `mark_area` VALUES ('959', '101130809', '阿瓦提');
INSERT INTO `mark_area` VALUES ('960', '101130901', '喀什');
INSERT INTO `mark_area` VALUES ('961', '101130902', '英吉沙');
INSERT INTO `mark_area` VALUES ('962', '101130903', '塔什库尔干');
INSERT INTO `mark_area` VALUES ('963', '101130904', '麦盖提');
INSERT INTO `mark_area` VALUES ('964', '101130905', '莎车');
INSERT INTO `mark_area` VALUES ('965', '101130906', '叶城');
INSERT INTO `mark_area` VALUES ('966', '101130907', '泽普');
INSERT INTO `mark_area` VALUES ('967', '101130908', '巴楚');
INSERT INTO `mark_area` VALUES ('968', '101130909', '岳普湖');
INSERT INTO `mark_area` VALUES ('969', '101130910', '伽师');
INSERT INTO `mark_area` VALUES ('970', '101131001', '伊宁');
INSERT INTO `mark_area` VALUES ('971', '101131002', '察布查尔');
INSERT INTO `mark_area` VALUES ('972', '101131003', '尼勒克');
INSERT INTO `mark_area` VALUES ('973', '101131004', '伊宁县');
INSERT INTO `mark_area` VALUES ('974', '101131005', '巩留');
INSERT INTO `mark_area` VALUES ('975', '101131006', '新源');
INSERT INTO `mark_area` VALUES ('976', '101131007', '昭苏');
INSERT INTO `mark_area` VALUES ('977', '101131008', '特克斯');
INSERT INTO `mark_area` VALUES ('978', '101131009', '霍城');
INSERT INTO `mark_area` VALUES ('979', '101131010', '霍尔果斯');
INSERT INTO `mark_area` VALUES ('980', '101131101', '塔城');
INSERT INTO `mark_area` VALUES ('981', '101131102', '裕民');
INSERT INTO `mark_area` VALUES ('982', '101131103', '额敏');
INSERT INTO `mark_area` VALUES ('983', '101131104', '和布克赛尔');
INSERT INTO `mark_area` VALUES ('984', '101131105', '托里');
INSERT INTO `mark_area` VALUES ('985', '101131106', '乌苏');
INSERT INTO `mark_area` VALUES ('986', '101131107', '沙湾');
INSERT INTO `mark_area` VALUES ('987', '101131108', '和丰');
INSERT INTO `mark_area` VALUES ('988', '101131201', '哈密');
INSERT INTO `mark_area` VALUES ('989', '101131202', '沁城');
INSERT INTO `mark_area` VALUES ('990', '101131203', '巴里坤');
INSERT INTO `mark_area` VALUES ('991', '101131204', '伊吾');
INSERT INTO `mark_area` VALUES ('992', '101131205', '淖毛湖');
INSERT INTO `mark_area` VALUES ('993', '101131301', '和田');
INSERT INTO `mark_area` VALUES ('994', '101131302', '皮山');
INSERT INTO `mark_area` VALUES ('995', '101131303', '策勒');
INSERT INTO `mark_area` VALUES ('996', '101131304', '墨玉');
INSERT INTO `mark_area` VALUES ('997', '101131305', '洛浦');
INSERT INTO `mark_area` VALUES ('998', '101131306', '民丰');
INSERT INTO `mark_area` VALUES ('999', '101131307', '于田');
INSERT INTO `mark_area` VALUES ('1000', '101131401', '阿勒泰');
INSERT INTO `mark_area` VALUES ('1001', '101131402', '哈巴河');
INSERT INTO `mark_area` VALUES ('1002', '101131403', '一八五团');
INSERT INTO `mark_area` VALUES ('1003', '101131404', '黑山头');
INSERT INTO `mark_area` VALUES ('1004', '101131405', '吉木乃');
INSERT INTO `mark_area` VALUES ('1005', '101131406', '布尔津');
INSERT INTO `mark_area` VALUES ('1006', '101131407', '福海');
INSERT INTO `mark_area` VALUES ('1007', '101131408', '富蕴');
INSERT INTO `mark_area` VALUES ('1008', '101131409', '青河');
INSERT INTO `mark_area` VALUES ('1009', '101131410', '安德河');
INSERT INTO `mark_area` VALUES ('1010', '101131501', '阿图什');
INSERT INTO `mark_area` VALUES ('1011', '101131502', '乌恰');
INSERT INTO `mark_area` VALUES ('1012', '101131503', '阿克陶');
INSERT INTO `mark_area` VALUES ('1013', '101131504', '阿合奇');
INSERT INTO `mark_area` VALUES ('1014', '101131505', '吐尔尕特');
INSERT INTO `mark_area` VALUES ('1015', '101131601', '博乐');
INSERT INTO `mark_area` VALUES ('1016', '101131602', '温泉');
INSERT INTO `mark_area` VALUES ('1017', '101131603', '精河');
INSERT INTO `mark_area` VALUES ('1018', '101131606', '阿拉山口');
INSERT INTO `mark_area` VALUES ('1019', '101140101', '拉萨');
INSERT INTO `mark_area` VALUES ('1020', '101140102', '当雄');
INSERT INTO `mark_area` VALUES ('1021', '101140103', '尼木');
INSERT INTO `mark_area` VALUES ('1022', '101140104', '墨竹贡卡');
INSERT INTO `mark_area` VALUES ('1023', '101140201', '日喀则');
INSERT INTO `mark_area` VALUES ('1024', '101140202', '拉孜');
INSERT INTO `mark_area` VALUES ('1025', '101140203', '南木林');
INSERT INTO `mark_area` VALUES ('1026', '101140204', '聂拉木');
INSERT INTO `mark_area` VALUES ('1027', '101140205', '定日');
INSERT INTO `mark_area` VALUES ('1028', '101140206', '江孜');
INSERT INTO `mark_area` VALUES ('1029', '101140207', '帕里');
INSERT INTO `mark_area` VALUES ('1030', '101140301', '山南');
INSERT INTO `mark_area` VALUES ('1031', '101140302', '贡嘎');
INSERT INTO `mark_area` VALUES ('1032', '101140303', '琼结');
INSERT INTO `mark_area` VALUES ('1033', '101140304', '加查');
INSERT INTO `mark_area` VALUES ('1034', '101140305', '浪卡子');
INSERT INTO `mark_area` VALUES ('1035', '101140306', '错那');
INSERT INTO `mark_area` VALUES ('1036', '101140307', '隆子');
INSERT INTO `mark_area` VALUES ('1037', '101140308', '泽当');
INSERT INTO `mark_area` VALUES ('1038', '101140401', '林芝');
INSERT INTO `mark_area` VALUES ('1039', '101140402', '波密');
INSERT INTO `mark_area` VALUES ('1040', '101140403', '米林');
INSERT INTO `mark_area` VALUES ('1041', '101140404', '察隅');
INSERT INTO `mark_area` VALUES ('1042', '101140501', '昌都');
INSERT INTO `mark_area` VALUES ('1043', '101140502', '丁青');
INSERT INTO `mark_area` VALUES ('1044', '101140503', '类乌齐');
INSERT INTO `mark_area` VALUES ('1045', '101140504', '洛隆');
INSERT INTO `mark_area` VALUES ('1046', '101140505', '左贡');
INSERT INTO `mark_area` VALUES ('1047', '101140506', '芒康');
INSERT INTO `mark_area` VALUES ('1048', '101140507', '八宿');
INSERT INTO `mark_area` VALUES ('1049', '101140601', '那曲');
INSERT INTO `mark_area` VALUES ('1050', '101140603', '嘉黎');
INSERT INTO `mark_area` VALUES ('1051', '101140604', '班戈');
INSERT INTO `mark_area` VALUES ('1052', '101140605', '安多');
INSERT INTO `mark_area` VALUES ('1053', '101140606', '索县');
INSERT INTO `mark_area` VALUES ('1054', '101140607', '比如');
INSERT INTO `mark_area` VALUES ('1055', '101140701', '阿里');
INSERT INTO `mark_area` VALUES ('1056', '101140702', '改则');
INSERT INTO `mark_area` VALUES ('1057', '101140703', '申扎');
INSERT INTO `mark_area` VALUES ('1058', '101140704', '狮泉河');
INSERT INTO `mark_area` VALUES ('1059', '101140705', '普兰');
INSERT INTO `mark_area` VALUES ('1060', '101150101', '西宁');
INSERT INTO `mark_area` VALUES ('1061', '101150102', '大通');
INSERT INTO `mark_area` VALUES ('1062', '101150103', '湟源');
INSERT INTO `mark_area` VALUES ('1063', '101150104', '湟中');
INSERT INTO `mark_area` VALUES ('1064', '101150105', '铁卜加');
INSERT INTO `mark_area` VALUES ('1065', '101150106', '铁卜加寺');
INSERT INTO `mark_area` VALUES ('1066', '101150107', '中心站');
INSERT INTO `mark_area` VALUES ('1067', '101150201', '海东');
INSERT INTO `mark_area` VALUES ('1068', '101150202', '乐都');
INSERT INTO `mark_area` VALUES ('1069', '101150203', '民和');
INSERT INTO `mark_area` VALUES ('1070', '101150204', '互助');
INSERT INTO `mark_area` VALUES ('1071', '101150205', '化隆');
INSERT INTO `mark_area` VALUES ('1072', '101150206', '循化');
INSERT INTO `mark_area` VALUES ('1073', '101150207', '冷湖');
INSERT INTO `mark_area` VALUES ('1074', '101150208', '平安');
INSERT INTO `mark_area` VALUES ('1075', '101150301', '黄南');
INSERT INTO `mark_area` VALUES ('1076', '101150302', '尖扎');
INSERT INTO `mark_area` VALUES ('1077', '101150303', '泽库');
INSERT INTO `mark_area` VALUES ('1078', '101150304', '河南');
INSERT INTO `mark_area` VALUES ('1079', '101150401', '海南');
INSERT INTO `mark_area` VALUES ('1080', '101150402', '江西沟');
INSERT INTO `mark_area` VALUES ('1081', '101150404', '贵德');
INSERT INTO `mark_area` VALUES ('1082', '101150405', '河卡');
INSERT INTO `mark_area` VALUES ('1083', '101150406', '兴海');
INSERT INTO `mark_area` VALUES ('1084', '101150407', '贵南');
INSERT INTO `mark_area` VALUES ('1085', '101150408', '同德');
INSERT INTO `mark_area` VALUES ('1086', '101150409', '共和');
INSERT INTO `mark_area` VALUES ('1087', '101150501', '果洛');
INSERT INTO `mark_area` VALUES ('1088', '101150502', '班玛');
INSERT INTO `mark_area` VALUES ('1089', '101150503', '甘德');
INSERT INTO `mark_area` VALUES ('1090', '101150504', '达日');
INSERT INTO `mark_area` VALUES ('1091', '101150505', '久治');
INSERT INTO `mark_area` VALUES ('1092', '101150506', '玛多');
INSERT INTO `mark_area` VALUES ('1093', '101150507', '清水河');
INSERT INTO `mark_area` VALUES ('1094', '101150508', '玛沁');
INSERT INTO `mark_area` VALUES ('1095', '101150601', '玉树');
INSERT INTO `mark_area` VALUES ('1096', '101150602', '托托河');
INSERT INTO `mark_area` VALUES ('1097', '101150603', '治多');
INSERT INTO `mark_area` VALUES ('1098', '101150604', '杂多');
INSERT INTO `mark_area` VALUES ('1099', '101150605', '囊谦');
INSERT INTO `mark_area` VALUES ('1100', '101150606', '曲麻莱');
INSERT INTO `mark_area` VALUES ('1101', '101150701', '海西');
INSERT INTO `mark_area` VALUES ('1102', '101150702', '格尔木');
INSERT INTO `mark_area` VALUES ('1103', '101150703', '察尔汉');
INSERT INTO `mark_area` VALUES ('1104', '101150704', '野牛沟');
INSERT INTO `mark_area` VALUES ('1105', '101150705', '五道梁');
INSERT INTO `mark_area` VALUES ('1106', '101150706', '小灶火');
INSERT INTO `mark_area` VALUES ('1107', '101150708', '天峻');
INSERT INTO `mark_area` VALUES ('1108', '101150709', '乌兰');
INSERT INTO `mark_area` VALUES ('1109', '101150710', '都兰');
INSERT INTO `mark_area` VALUES ('1110', '101150711', '诺木洪');
INSERT INTO `mark_area` VALUES ('1111', '101150712', '茫崖');
INSERT INTO `mark_area` VALUES ('1112', '101150713', '大柴旦');
INSERT INTO `mark_area` VALUES ('1113', '101150714', '茶卡');
INSERT INTO `mark_area` VALUES ('1114', '101150715', '香日德');
INSERT INTO `mark_area` VALUES ('1115', '101150716', '德令哈');
INSERT INTO `mark_area` VALUES ('1116', '101150801', '海北');
INSERT INTO `mark_area` VALUES ('1117', '101150802', '门源');
INSERT INTO `mark_area` VALUES ('1118', '101150803', '祁连');
INSERT INTO `mark_area` VALUES ('1119', '101150804', '海晏');
INSERT INTO `mark_area` VALUES ('1120', '101150805', '托勒');
INSERT INTO `mark_area` VALUES ('1121', '101150806', '刚察');
INSERT INTO `mark_area` VALUES ('1122', '101160101', '兰州');
INSERT INTO `mark_area` VALUES ('1123', '101160102', '皋兰');
INSERT INTO `mark_area` VALUES ('1124', '101160103', '永登');
INSERT INTO `mark_area` VALUES ('1125', '101160104', '榆中');
INSERT INTO `mark_area` VALUES ('1126', '101160201', '定西');
INSERT INTO `mark_area` VALUES ('1127', '101160202', '通渭');
INSERT INTO `mark_area` VALUES ('1128', '101160203', '陇西');
INSERT INTO `mark_area` VALUES ('1129', '101160204', '渭源');
INSERT INTO `mark_area` VALUES ('1130', '101160205', '临洮');
INSERT INTO `mark_area` VALUES ('1131', '101160206', '漳县');
INSERT INTO `mark_area` VALUES ('1132', '101160207', '岷县');
INSERT INTO `mark_area` VALUES ('1133', '101160208', '安定');
INSERT INTO `mark_area` VALUES ('1134', '101160301', '平凉');
INSERT INTO `mark_area` VALUES ('1135', '101160302', '泾川');
INSERT INTO `mark_area` VALUES ('1136', '101160303', '灵台');
INSERT INTO `mark_area` VALUES ('1137', '101160304', '崇信');
INSERT INTO `mark_area` VALUES ('1138', '101160305', '华亭');
INSERT INTO `mark_area` VALUES ('1139', '101160306', '庄浪');
INSERT INTO `mark_area` VALUES ('1140', '101160307', '静宁');
INSERT INTO `mark_area` VALUES ('1141', '101160308', '崆峒');
INSERT INTO `mark_area` VALUES ('1142', '101160401', '庆阳');
INSERT INTO `mark_area` VALUES ('1143', '101160402', '西峰');
INSERT INTO `mark_area` VALUES ('1144', '101160403', '环县');
INSERT INTO `mark_area` VALUES ('1145', '101160404', '华池');
INSERT INTO `mark_area` VALUES ('1146', '101160405', '合水');
INSERT INTO `mark_area` VALUES ('1147', '101160406', '正宁');
INSERT INTO `mark_area` VALUES ('1148', '101160407', '宁县');
INSERT INTO `mark_area` VALUES ('1149', '101160408', '镇原');
INSERT INTO `mark_area` VALUES ('1150', '101160409', '庆城');
INSERT INTO `mark_area` VALUES ('1151', '101160501', '武威');
INSERT INTO `mark_area` VALUES ('1152', '101160502', '民勤');
INSERT INTO `mark_area` VALUES ('1153', '101160503', '古浪');
INSERT INTO `mark_area` VALUES ('1154', '101160504', '乌鞘岭');
INSERT INTO `mark_area` VALUES ('1155', '101160505', '天祝');
INSERT INTO `mark_area` VALUES ('1156', '101160601', '金昌');
INSERT INTO `mark_area` VALUES ('1157', '101160602', '永昌');
INSERT INTO `mark_area` VALUES ('1158', '101160701', '张掖');
INSERT INTO `mark_area` VALUES ('1159', '101160702', '肃南');
INSERT INTO `mark_area` VALUES ('1160', '101160703', '民乐');
INSERT INTO `mark_area` VALUES ('1161', '101160704', '临泽');
INSERT INTO `mark_area` VALUES ('1162', '101160705', '高台');
INSERT INTO `mark_area` VALUES ('1163', '101160706', '山丹');
INSERT INTO `mark_area` VALUES ('1164', '101160801', '酒泉');
INSERT INTO `mark_area` VALUES ('1165', '101160802', '鼎新');
INSERT INTO `mark_area` VALUES ('1166', '101160803', '金塔');
INSERT INTO `mark_area` VALUES ('1167', '101160804', '马鬃山');
INSERT INTO `mark_area` VALUES ('1168', '101160805', '瓜州');
INSERT INTO `mark_area` VALUES ('1169', '101160806', '肃北');
INSERT INTO `mark_area` VALUES ('1170', '101160807', '玉门镇');
INSERT INTO `mark_area` VALUES ('1171', '101160808', '敦煌');
INSERT INTO `mark_area` VALUES ('1172', '101160901', '天水');
INSERT INTO `mark_area` VALUES ('1173', '101160902', '北道区');
INSERT INTO `mark_area` VALUES ('1174', '101160903', '清水');
INSERT INTO `mark_area` VALUES ('1175', '101160904', '秦安');
INSERT INTO `mark_area` VALUES ('1176', '101160905', '甘谷');
INSERT INTO `mark_area` VALUES ('1177', '101160906', '武山');
INSERT INTO `mark_area` VALUES ('1178', '101160907', '张家川');
INSERT INTO `mark_area` VALUES ('1179', '101160908', '麦积');
INSERT INTO `mark_area` VALUES ('1180', '101161001', '武都');
INSERT INTO `mark_area` VALUES ('1181', '101161002', '成县');
INSERT INTO `mark_area` VALUES ('1182', '101161003', '文县');
INSERT INTO `mark_area` VALUES ('1183', '101161004', '宕昌');
INSERT INTO `mark_area` VALUES ('1184', '101161005', '康县');
INSERT INTO `mark_area` VALUES ('1185', '101161006', '西和');
INSERT INTO `mark_area` VALUES ('1186', '101161007', '礼县');
INSERT INTO `mark_area` VALUES ('1187', '101161008', '徽县');
INSERT INTO `mark_area` VALUES ('1188', '101161009', '两当');
INSERT INTO `mark_area` VALUES ('1189', '101161101', '临夏');
INSERT INTO `mark_area` VALUES ('1190', '101161102', '康乐');
INSERT INTO `mark_area` VALUES ('1191', '101161103', '永靖');
INSERT INTO `mark_area` VALUES ('1192', '101161104', '广河');
INSERT INTO `mark_area` VALUES ('1193', '101161105', '和政');
INSERT INTO `mark_area` VALUES ('1194', '101161106', '东乡');
INSERT INTO `mark_area` VALUES ('1195', '101161201', '合作');
INSERT INTO `mark_area` VALUES ('1196', '101161202', '临潭');
INSERT INTO `mark_area` VALUES ('1197', '101161203', '卓尼');
INSERT INTO `mark_area` VALUES ('1198', '101161204', '舟曲');
INSERT INTO `mark_area` VALUES ('1199', '101161205', '迭部');
INSERT INTO `mark_area` VALUES ('1200', '101161206', '玛曲');
INSERT INTO `mark_area` VALUES ('1201', '101161207', '碌曲');
INSERT INTO `mark_area` VALUES ('1202', '101161208', '夏河');
INSERT INTO `mark_area` VALUES ('1203', '101161301', '白银');
INSERT INTO `mark_area` VALUES ('1204', '101161302', '靖远');
INSERT INTO `mark_area` VALUES ('1205', '101161303', '会宁');
INSERT INTO `mark_area` VALUES ('1206', '101161304', '华家岭');
INSERT INTO `mark_area` VALUES ('1207', '101161305', '景泰');
INSERT INTO `mark_area` VALUES ('1208', '101170101', '银川');
INSERT INTO `mark_area` VALUES ('1209', '101170102', '永宁');
INSERT INTO `mark_area` VALUES ('1210', '101170103', '灵武');
INSERT INTO `mark_area` VALUES ('1211', '101170104', '贺兰');
INSERT INTO `mark_area` VALUES ('1212', '101170201', '石嘴山');
INSERT INTO `mark_area` VALUES ('1213', '101170202', '惠农');
INSERT INTO `mark_area` VALUES ('1214', '101170203', '平罗');
INSERT INTO `mark_area` VALUES ('1215', '101170204', '陶乐');
INSERT INTO `mark_area` VALUES ('1216', '101170205', '石炭井');
INSERT INTO `mark_area` VALUES ('1217', '101170206', '大武口');
INSERT INTO `mark_area` VALUES ('1218', '101170301', '吴忠');
INSERT INTO `mark_area` VALUES ('1219', '101170302', '同心');
INSERT INTO `mark_area` VALUES ('1220', '101170303', '盐池');
INSERT INTO `mark_area` VALUES ('1221', '101170304', '韦州');
INSERT INTO `mark_area` VALUES ('1222', '101170305', '麻黄山');
INSERT INTO `mark_area` VALUES ('1223', '101170306', '青铜峡');
INSERT INTO `mark_area` VALUES ('1224', '101170401', '固原');
INSERT INTO `mark_area` VALUES ('1225', '101170402', '西吉');
INSERT INTO `mark_area` VALUES ('1226', '101170403', '隆德');
INSERT INTO `mark_area` VALUES ('1227', '101170404', '泾源');
INSERT INTO `mark_area` VALUES ('1228', '101170405', '六盘山');
INSERT INTO `mark_area` VALUES ('1229', '101170406', '彭阳');
INSERT INTO `mark_area` VALUES ('1230', '101170501', '中卫');
INSERT INTO `mark_area` VALUES ('1231', '101170502', '中宁');
INSERT INTO `mark_area` VALUES ('1232', '101170503', '兴仁堡');
INSERT INTO `mark_area` VALUES ('1233', '101170504', '海原');
INSERT INTO `mark_area` VALUES ('1234', '101180101', '郑州');
INSERT INTO `mark_area` VALUES ('1235', '101180102', '巩义');
INSERT INTO `mark_area` VALUES ('1236', '101180103', '荥阳');
INSERT INTO `mark_area` VALUES ('1237', '101180104', '登封');
INSERT INTO `mark_area` VALUES ('1238', '101180105', '新密');
INSERT INTO `mark_area` VALUES ('1239', '101180106', '新郑');
INSERT INTO `mark_area` VALUES ('1240', '101180107', '中牟');
INSERT INTO `mark_area` VALUES ('1241', '101180108', '郑州农试站');
INSERT INTO `mark_area` VALUES ('1242', '101180201', '安阳');
INSERT INTO `mark_area` VALUES ('1243', '101180202', '汤阴');
INSERT INTO `mark_area` VALUES ('1244', '101180203', '滑县');
INSERT INTO `mark_area` VALUES ('1245', '101180204', '内黄');
INSERT INTO `mark_area` VALUES ('1246', '101180205', '林州');
INSERT INTO `mark_area` VALUES ('1247', '101180301', '新乡');
INSERT INTO `mark_area` VALUES ('1248', '101180302', '获嘉');
INSERT INTO `mark_area` VALUES ('1249', '101180303', '原阳');
INSERT INTO `mark_area` VALUES ('1250', '101180304', '辉县');
INSERT INTO `mark_area` VALUES ('1251', '101180305', '卫辉');
INSERT INTO `mark_area` VALUES ('1252', '101180306', '延津');
INSERT INTO `mark_area` VALUES ('1253', '101180307', '封丘');
INSERT INTO `mark_area` VALUES ('1254', '101180308', '长垣');
INSERT INTO `mark_area` VALUES ('1255', '101180401', '许昌');
INSERT INTO `mark_area` VALUES ('1256', '101180402', '鄢陵');
INSERT INTO `mark_area` VALUES ('1257', '101180403', '襄城');
INSERT INTO `mark_area` VALUES ('1258', '101180404', '长葛');
INSERT INTO `mark_area` VALUES ('1259', '101180405', '禹州');
INSERT INTO `mark_area` VALUES ('1260', '101180501', '平顶山');
INSERT INTO `mark_area` VALUES ('1261', '101180502', '郏县');
INSERT INTO `mark_area` VALUES ('1262', '101180503', '宝丰');
INSERT INTO `mark_area` VALUES ('1263', '101180504', '汝州');
INSERT INTO `mark_area` VALUES ('1264', '101180505', '叶县');
INSERT INTO `mark_area` VALUES ('1265', '101180506', '舞钢');
INSERT INTO `mark_area` VALUES ('1266', '101180507', '鲁山');
INSERT INTO `mark_area` VALUES ('1267', '101180601', '信阳');
INSERT INTO `mark_area` VALUES ('1268', '101180602', '息县');
INSERT INTO `mark_area` VALUES ('1269', '101180603', '罗山');
INSERT INTO `mark_area` VALUES ('1270', '101180604', '光山');
INSERT INTO `mark_area` VALUES ('1271', '101180605', '新县');
INSERT INTO `mark_area` VALUES ('1272', '101180606', '淮滨');
INSERT INTO `mark_area` VALUES ('1273', '101180607', '潢川');
INSERT INTO `mark_area` VALUES ('1274', '101180608', '固始');
INSERT INTO `mark_area` VALUES ('1275', '101180609', '商城');
INSERT INTO `mark_area` VALUES ('1276', '101180610', '鸡公山');
INSERT INTO `mark_area` VALUES ('1277', '101180611', '信阳地区农试站');
INSERT INTO `mark_area` VALUES ('1278', '101180701', '南阳');
INSERT INTO `mark_area` VALUES ('1279', '101180702', '南召');
INSERT INTO `mark_area` VALUES ('1280', '101180703', '方城');
INSERT INTO `mark_area` VALUES ('1281', '101180704', '社旗');
INSERT INTO `mark_area` VALUES ('1282', '101180705', '西峡');
INSERT INTO `mark_area` VALUES ('1283', '101180706', '内乡');
INSERT INTO `mark_area` VALUES ('1284', '101180707', '镇平');
INSERT INTO `mark_area` VALUES ('1285', '101180708', '淅川');
INSERT INTO `mark_area` VALUES ('1286', '101180709', '新野');
INSERT INTO `mark_area` VALUES ('1287', '101180710', '唐河');
INSERT INTO `mark_area` VALUES ('1288', '101180711', '邓州');
INSERT INTO `mark_area` VALUES ('1289', '101180712', '桐柏');
INSERT INTO `mark_area` VALUES ('1290', '101180801', '开封');
INSERT INTO `mark_area` VALUES ('1291', '101180802', '杞县');
INSERT INTO `mark_area` VALUES ('1292', '101180803', '尉氏');
INSERT INTO `mark_area` VALUES ('1293', '101180804', '通许');
INSERT INTO `mark_area` VALUES ('1294', '101180805', '兰考');
INSERT INTO `mark_area` VALUES ('1295', '101180901', '洛阳');
INSERT INTO `mark_area` VALUES ('1296', '101180902', '新安');
INSERT INTO `mark_area` VALUES ('1297', '101180903', '孟津');
INSERT INTO `mark_area` VALUES ('1298', '101180904', '宜阳');
INSERT INTO `mark_area` VALUES ('1299', '101180905', '洛宁');
INSERT INTO `mark_area` VALUES ('1300', '101180906', '伊川');
INSERT INTO `mark_area` VALUES ('1301', '101180907', '嵩县');
INSERT INTO `mark_area` VALUES ('1302', '101180908', '偃师');
INSERT INTO `mark_area` VALUES ('1303', '101180909', '栾川');
INSERT INTO `mark_area` VALUES ('1304', '101180910', '汝阳');
INSERT INTO `mark_area` VALUES ('1305', '101181001', '商丘');
INSERT INTO `mark_area` VALUES ('1306', '101181002', '睢阳区');
INSERT INTO `mark_area` VALUES ('1307', '101181003', '睢县');
INSERT INTO `mark_area` VALUES ('1308', '101181004', '民权');
INSERT INTO `mark_area` VALUES ('1309', '101181005', '虞城');
INSERT INTO `mark_area` VALUES ('1310', '101181006', '柘城');
INSERT INTO `mark_area` VALUES ('1311', '101181007', '宁陵');
INSERT INTO `mark_area` VALUES ('1312', '101181008', '夏邑');
INSERT INTO `mark_area` VALUES ('1313', '101181009', '永城');
INSERT INTO `mark_area` VALUES ('1314', '101181101', '焦作');
INSERT INTO `mark_area` VALUES ('1315', '101181102', '修武');
INSERT INTO `mark_area` VALUES ('1316', '101181103', '武陟');
INSERT INTO `mark_area` VALUES ('1317', '101181104', '沁阳');
INSERT INTO `mark_area` VALUES ('1318', '101181106', '博爱');
INSERT INTO `mark_area` VALUES ('1319', '101181107', '温县');
INSERT INTO `mark_area` VALUES ('1320', '101181108', '孟州');
INSERT INTO `mark_area` VALUES ('1321', '101181201', '鹤壁');
INSERT INTO `mark_area` VALUES ('1322', '101181202', '浚县');
INSERT INTO `mark_area` VALUES ('1323', '101181203', '淇县');
INSERT INTO `mark_area` VALUES ('1324', '101181301', '濮阳');
INSERT INTO `mark_area` VALUES ('1325', '101181302', '台前');
INSERT INTO `mark_area` VALUES ('1326', '101181303', '南乐');
INSERT INTO `mark_area` VALUES ('1327', '101181304', '清丰');
INSERT INTO `mark_area` VALUES ('1328', '101181305', '范县');
INSERT INTO `mark_area` VALUES ('1329', '101181401', '周口');
INSERT INTO `mark_area` VALUES ('1330', '101181402', '扶沟');
INSERT INTO `mark_area` VALUES ('1331', '101181403', '太康');
INSERT INTO `mark_area` VALUES ('1332', '101181404', '淮阳');
INSERT INTO `mark_area` VALUES ('1333', '101181405', '西华');
INSERT INTO `mark_area` VALUES ('1334', '101181406', '商水');
INSERT INTO `mark_area` VALUES ('1335', '101181407', '项城');
INSERT INTO `mark_area` VALUES ('1336', '101181408', '郸城');
INSERT INTO `mark_area` VALUES ('1337', '101181409', '鹿邑');
INSERT INTO `mark_area` VALUES ('1338', '101181410', '沈丘');
INSERT INTO `mark_area` VALUES ('1339', '101181411', '黄泛区');
INSERT INTO `mark_area` VALUES ('1340', '101181501', '漯河');
INSERT INTO `mark_area` VALUES ('1341', '101181502', '临颍');
INSERT INTO `mark_area` VALUES ('1342', '101181503', '舞阳');
INSERT INTO `mark_area` VALUES ('1343', '101181601', '驻马店');
INSERT INTO `mark_area` VALUES ('1344', '101181602', '西平');
INSERT INTO `mark_area` VALUES ('1345', '101181603', '遂平');
INSERT INTO `mark_area` VALUES ('1346', '101181604', '上蔡');
INSERT INTO `mark_area` VALUES ('1347', '101181605', '汝南');
INSERT INTO `mark_area` VALUES ('1348', '101181606', '泌阳');
INSERT INTO `mark_area` VALUES ('1349', '101181607', '平舆');
INSERT INTO `mark_area` VALUES ('1350', '101181608', '新蔡');
INSERT INTO `mark_area` VALUES ('1351', '101181609', '确山');
INSERT INTO `mark_area` VALUES ('1352', '101181610', '正阳');
INSERT INTO `mark_area` VALUES ('1353', '101181701', '三门峡');
INSERT INTO `mark_area` VALUES ('1354', '101181702', '灵宝');
INSERT INTO `mark_area` VALUES ('1355', '101181703', '渑池');
INSERT INTO `mark_area` VALUES ('1356', '101181704', '卢氏');
INSERT INTO `mark_area` VALUES ('1357', '101181801', '济源');
INSERT INTO `mark_area` VALUES ('1358', '101190101', '南京');
INSERT INTO `mark_area` VALUES ('1359', '101190102', '溧水');
INSERT INTO `mark_area` VALUES ('1360', '101190103', '高淳');
INSERT INTO `mark_area` VALUES ('1361', '101190104', '江宁');
INSERT INTO `mark_area` VALUES ('1362', '101190105', '六合');
INSERT INTO `mark_area` VALUES ('1363', '101190106', '江浦');
INSERT INTO `mark_area` VALUES ('1364', '101190107', '浦口');
INSERT INTO `mark_area` VALUES ('1365', '101190201', '无锡');
INSERT INTO `mark_area` VALUES ('1366', '101190202', '江阴');
INSERT INTO `mark_area` VALUES ('1367', '101190203', '宜兴');
INSERT INTO `mark_area` VALUES ('1368', '101190301', '镇江');
INSERT INTO `mark_area` VALUES ('1369', '101190302', '丹阳');
INSERT INTO `mark_area` VALUES ('1370', '101190303', '扬中');
INSERT INTO `mark_area` VALUES ('1371', '101190304', '句容');
INSERT INTO `mark_area` VALUES ('1372', '101190305', '丹徒');
INSERT INTO `mark_area` VALUES ('1373', '101190401', '苏州');
INSERT INTO `mark_area` VALUES ('1374', '101190402', '常熟');
INSERT INTO `mark_area` VALUES ('1375', '101190403', '张家港');
INSERT INTO `mark_area` VALUES ('1376', '101190404', '昆山');
INSERT INTO `mark_area` VALUES ('1377', '101190405', '吴县东山');
INSERT INTO `mark_area` VALUES ('1378', '101190406', '吴县');
INSERT INTO `mark_area` VALUES ('1379', '101190407', '吴江');
INSERT INTO `mark_area` VALUES ('1380', '101190408', '太仓');
INSERT INTO `mark_area` VALUES ('1381', '101190501', '南通');
INSERT INTO `mark_area` VALUES ('1382', '101190502', '海安');
INSERT INTO `mark_area` VALUES ('1383', '101190503', '如皋');
INSERT INTO `mark_area` VALUES ('1384', '101190504', '如东');
INSERT INTO `mark_area` VALUES ('1385', '101190505', '吕泗');
INSERT INTO `mark_area` VALUES ('1386', '101190506', '吕泗渔场');
INSERT INTO `mark_area` VALUES ('1387', '101190507', '启东');
INSERT INTO `mark_area` VALUES ('1388', '101190508', '海门');
INSERT INTO `mark_area` VALUES ('1389', '101190509', '通州');
INSERT INTO `mark_area` VALUES ('1390', '101190601', '扬州');
INSERT INTO `mark_area` VALUES ('1391', '101190602', '宝应');
INSERT INTO `mark_area` VALUES ('1392', '101190603', '仪征');
INSERT INTO `mark_area` VALUES ('1393', '101190604', '高邮');
INSERT INTO `mark_area` VALUES ('1394', '101190605', '江都');
INSERT INTO `mark_area` VALUES ('1395', '101190606', '邗江');
INSERT INTO `mark_area` VALUES ('1396', '101190701', '盐城');
INSERT INTO `mark_area` VALUES ('1397', '101190702', '响水');
INSERT INTO `mark_area` VALUES ('1398', '101190703', '滨海');
INSERT INTO `mark_area` VALUES ('1399', '101190704', '阜宁');
INSERT INTO `mark_area` VALUES ('1400', '101190705', '射阳');
INSERT INTO `mark_area` VALUES ('1401', '101190706', '建湖');
INSERT INTO `mark_area` VALUES ('1402', '101190707', '东台');
INSERT INTO `mark_area` VALUES ('1403', '101190708', '大丰');
INSERT INTO `mark_area` VALUES ('1404', '101190709', '盐都');
INSERT INTO `mark_area` VALUES ('1405', '101190801', '徐州');
INSERT INTO `mark_area` VALUES ('1406', '101190802', '徐州农试站');
INSERT INTO `mark_area` VALUES ('1407', '101190803', '丰县');
INSERT INTO `mark_area` VALUES ('1408', '101190804', '沛县');
INSERT INTO `mark_area` VALUES ('1409', '101190805', '邳州');
INSERT INTO `mark_area` VALUES ('1410', '101190806', '睢宁');
INSERT INTO `mark_area` VALUES ('1411', '101190807', '新沂');
INSERT INTO `mark_area` VALUES ('1412', '101190901', '淮安');
INSERT INTO `mark_area` VALUES ('1413', '101190902', '金湖');
INSERT INTO `mark_area` VALUES ('1414', '101190903', '盱眙');
INSERT INTO `mark_area` VALUES ('1415', '101190904', '洪泽');
INSERT INTO `mark_area` VALUES ('1416', '101190905', '涟水');
INSERT INTO `mark_area` VALUES ('1417', '101190906', '淮阴县');
INSERT INTO `mark_area` VALUES ('1418', '101190907', '淮阴');
INSERT INTO `mark_area` VALUES ('1419', '101190908', '楚州');
INSERT INTO `mark_area` VALUES ('1420', '101191001', '连云港');
INSERT INTO `mark_area` VALUES ('1421', '101191002', '东海');
INSERT INTO `mark_area` VALUES ('1422', '101191003', '赣榆');
INSERT INTO `mark_area` VALUES ('1423', '101191004', '灌云');
INSERT INTO `mark_area` VALUES ('1424', '101191005', '灌南');
INSERT INTO `mark_area` VALUES ('1425', '101191006', '西连岛');
INSERT INTO `mark_area` VALUES ('1426', '101191007', '燕尾港');
INSERT INTO `mark_area` VALUES ('1427', '101191101', '常州');
INSERT INTO `mark_area` VALUES ('1428', '101191102', '溧阳');
INSERT INTO `mark_area` VALUES ('1429', '101191103', '金坛');
INSERT INTO `mark_area` VALUES ('1430', '101191201', '泰州');
INSERT INTO `mark_area` VALUES ('1431', '101191202', '兴化');
INSERT INTO `mark_area` VALUES ('1432', '101191203', '泰兴');
INSERT INTO `mark_area` VALUES ('1433', '101191204', '姜堰');
INSERT INTO `mark_area` VALUES ('1434', '101191205', '靖江');
INSERT INTO `mark_area` VALUES ('1435', '101191301', '宿迁');
INSERT INTO `mark_area` VALUES ('1436', '101191302', '沭阳');
INSERT INTO `mark_area` VALUES ('1437', '101191303', '泗阳');
INSERT INTO `mark_area` VALUES ('1438', '101191304', '泗洪');
INSERT INTO `mark_area` VALUES ('1439', '101200101', '武汉');
INSERT INTO `mark_area` VALUES ('1440', '101200102', '蔡甸');
INSERT INTO `mark_area` VALUES ('1441', '101200103', '黄陂');
INSERT INTO `mark_area` VALUES ('1442', '101200104', '新洲');
INSERT INTO `mark_area` VALUES ('1443', '101200105', '江夏');
INSERT INTO `mark_area` VALUES ('1444', '101200201', '襄樊');
INSERT INTO `mark_area` VALUES ('1445', '101200202', '襄阳');
INSERT INTO `mark_area` VALUES ('1446', '101200203', '保康');
INSERT INTO `mark_area` VALUES ('1447', '101200204', '南漳');
INSERT INTO `mark_area` VALUES ('1448', '101200205', '宜城');
INSERT INTO `mark_area` VALUES ('1449', '101200206', '老河口');
INSERT INTO `mark_area` VALUES ('1450', '101200207', '谷城');
INSERT INTO `mark_area` VALUES ('1451', '101200208', '枣阳');
INSERT INTO `mark_area` VALUES ('1452', '101200301', '鄂州');
INSERT INTO `mark_area` VALUES ('1453', '101200401', '孝感');
INSERT INTO `mark_area` VALUES ('1454', '101200402', '安陆');
INSERT INTO `mark_area` VALUES ('1455', '101200403', '云梦');
INSERT INTO `mark_area` VALUES ('1456', '101200404', '大悟');
INSERT INTO `mark_area` VALUES ('1457', '101200405', '应城');
INSERT INTO `mark_area` VALUES ('1458', '101200406', '汉川');
INSERT INTO `mark_area` VALUES ('1459', '101200501', '黄冈');
INSERT INTO `mark_area` VALUES ('1460', '101200502', '红安');
INSERT INTO `mark_area` VALUES ('1461', '101200503', '麻城');
INSERT INTO `mark_area` VALUES ('1462', '101200504', '罗田');
INSERT INTO `mark_area` VALUES ('1463', '101200505', '英山');
INSERT INTO `mark_area` VALUES ('1464', '101200506', '浠水');
INSERT INTO `mark_area` VALUES ('1465', '101200507', '蕲春');
INSERT INTO `mark_area` VALUES ('1466', '101200508', '黄梅');
INSERT INTO `mark_area` VALUES ('1467', '101200509', '武穴');
INSERT INTO `mark_area` VALUES ('1468', '101200601', '黄石');
INSERT INTO `mark_area` VALUES ('1469', '101200602', '大冶');
INSERT INTO `mark_area` VALUES ('1470', '101200603', '阳新');
INSERT INTO `mark_area` VALUES ('1471', '101200701', '咸宁');
INSERT INTO `mark_area` VALUES ('1472', '101200702', '赤壁');
INSERT INTO `mark_area` VALUES ('1473', '101200703', '嘉鱼');
INSERT INTO `mark_area` VALUES ('1474', '101200704', '崇阳');
INSERT INTO `mark_area` VALUES ('1475', '101200705', '通城');
INSERT INTO `mark_area` VALUES ('1476', '101200706', '通山');
INSERT INTO `mark_area` VALUES ('1477', '101200801', '荆州');
INSERT INTO `mark_area` VALUES ('1478', '101200802', '江陵');
INSERT INTO `mark_area` VALUES ('1479', '101200803', '公安');
INSERT INTO `mark_area` VALUES ('1480', '101200804', '石首');
INSERT INTO `mark_area` VALUES ('1481', '101200805', '监利');
INSERT INTO `mark_area` VALUES ('1482', '101200806', '洪湖');
INSERT INTO `mark_area` VALUES ('1483', '101200807', '松滋');
INSERT INTO `mark_area` VALUES ('1484', '101200901', '宜昌');
INSERT INTO `mark_area` VALUES ('1485', '101200902', '远安');
INSERT INTO `mark_area` VALUES ('1486', '101200903', '秭归');
INSERT INTO `mark_area` VALUES ('1487', '101200904', '兴山');
INSERT INTO `mark_area` VALUES ('1488', '101200905', '宜昌县');
INSERT INTO `mark_area` VALUES ('1489', '101200906', '五峰');
INSERT INTO `mark_area` VALUES ('1490', '101200907', '当阳');
INSERT INTO `mark_area` VALUES ('1491', '101200908', '长阳');
INSERT INTO `mark_area` VALUES ('1492', '101200909', '宜都');
INSERT INTO `mark_area` VALUES ('1493', '101200910', '枝江');
INSERT INTO `mark_area` VALUES ('1494', '101200911', '三峡');
INSERT INTO `mark_area` VALUES ('1495', '101200912', '夷陵');
INSERT INTO `mark_area` VALUES ('1496', '101201001', '恩施');
INSERT INTO `mark_area` VALUES ('1497', '101201002', '利川');
INSERT INTO `mark_area` VALUES ('1498', '101201003', '建始');
INSERT INTO `mark_area` VALUES ('1499', '101201004', '咸丰');
INSERT INTO `mark_area` VALUES ('1500', '101201005', '宣恩');
INSERT INTO `mark_area` VALUES ('1501', '101201006', '鹤峰');
INSERT INTO `mark_area` VALUES ('1502', '101201007', '来凤');
INSERT INTO `mark_area` VALUES ('1503', '101201008', '巴东');
INSERT INTO `mark_area` VALUES ('1504', '101201009', '绿葱坡');
INSERT INTO `mark_area` VALUES ('1505', '101201101', '十堰');
INSERT INTO `mark_area` VALUES ('1506', '101201102', '竹溪');
INSERT INTO `mark_area` VALUES ('1507', '101201103', '郧西');
INSERT INTO `mark_area` VALUES ('1508', '101201104', '郧县');
INSERT INTO `mark_area` VALUES ('1509', '101201105', '竹山');
INSERT INTO `mark_area` VALUES ('1510', '101201106', '房县');
INSERT INTO `mark_area` VALUES ('1511', '101201107', '丹江口');
INSERT INTO `mark_area` VALUES ('1512', '101201201', '神农架');
INSERT INTO `mark_area` VALUES ('1513', '101201301', '随州');
INSERT INTO `mark_area` VALUES ('1514', '101201302', '广水');
INSERT INTO `mark_area` VALUES ('1515', '101201401', '荆门');
INSERT INTO `mark_area` VALUES ('1516', '101201402', '钟祥');
INSERT INTO `mark_area` VALUES ('1517', '101201403', '京山');
INSERT INTO `mark_area` VALUES ('1518', '101201501', '天门');
INSERT INTO `mark_area` VALUES ('1519', '101201601', '仙桃');
INSERT INTO `mark_area` VALUES ('1520', '101201701', '潜江');
INSERT INTO `mark_area` VALUES ('1521', '101210101', '杭州');
INSERT INTO `mark_area` VALUES ('1522', '101210102', '萧山');
INSERT INTO `mark_area` VALUES ('1523', '101210103', '桐庐');
INSERT INTO `mark_area` VALUES ('1524', '101210104', '淳安');
INSERT INTO `mark_area` VALUES ('1525', '101210105', '建德');
INSERT INTO `mark_area` VALUES ('1526', '101210106', '余杭');
INSERT INTO `mark_area` VALUES ('1527', '101210107', '临安');
INSERT INTO `mark_area` VALUES ('1528', '101210108', '富阳');
INSERT INTO `mark_area` VALUES ('1529', '101210201', '湖州');
INSERT INTO `mark_area` VALUES ('1530', '101210202', '长兴');
INSERT INTO `mark_area` VALUES ('1531', '101210203', '安吉');
INSERT INTO `mark_area` VALUES ('1532', '101210204', '德清');
INSERT INTO `mark_area` VALUES ('1533', '101210301', '嘉兴');
INSERT INTO `mark_area` VALUES ('1534', '101210302', '嘉善');
INSERT INTO `mark_area` VALUES ('1535', '101210303', '海宁');
INSERT INTO `mark_area` VALUES ('1536', '101210304', '桐乡');
INSERT INTO `mark_area` VALUES ('1537', '101210305', '平湖');
INSERT INTO `mark_area` VALUES ('1538', '101210306', '海盐');
INSERT INTO `mark_area` VALUES ('1539', '101210401', '宁波');
INSERT INTO `mark_area` VALUES ('1540', '101210403', '慈溪');
INSERT INTO `mark_area` VALUES ('1541', '101210404', '余姚');
INSERT INTO `mark_area` VALUES ('1542', '101210405', '奉化');
INSERT INTO `mark_area` VALUES ('1543', '101210406', '象山');
INSERT INTO `mark_area` VALUES ('1544', '101210407', '石浦');
INSERT INTO `mark_area` VALUES ('1545', '101210408', '宁海');
INSERT INTO `mark_area` VALUES ('1546', '101210409', '鄞县');
INSERT INTO `mark_area` VALUES ('1547', '101210410', '北仑');
INSERT INTO `mark_area` VALUES ('1548', '101210411', '鄞州');
INSERT INTO `mark_area` VALUES ('1549', '101210412', '镇海');
INSERT INTO `mark_area` VALUES ('1550', '101210501', '绍兴');
INSERT INTO `mark_area` VALUES ('1551', '101210502', '诸暨');
INSERT INTO `mark_area` VALUES ('1552', '101210503', '上虞');
INSERT INTO `mark_area` VALUES ('1553', '101210504', '新昌');
INSERT INTO `mark_area` VALUES ('1554', '101210505', '嵊州');
INSERT INTO `mark_area` VALUES ('1555', '101210601', '台州');
INSERT INTO `mark_area` VALUES ('1556', '101210602', '括苍山');
INSERT INTO `mark_area` VALUES ('1557', '101210603', '玉环');
INSERT INTO `mark_area` VALUES ('1558', '101210604', '三门');
INSERT INTO `mark_area` VALUES ('1559', '101210605', '天台');
INSERT INTO `mark_area` VALUES ('1560', '101210606', '仙居');
INSERT INTO `mark_area` VALUES ('1561', '101210607', '温岭');
INSERT INTO `mark_area` VALUES ('1562', '101210608', '大陈');
INSERT INTO `mark_area` VALUES ('1563', '101210609', '洪家');
INSERT INTO `mark_area` VALUES ('1564', '101210701', '温州');
INSERT INTO `mark_area` VALUES ('1565', '101210702', '泰顺');
INSERT INTO `mark_area` VALUES ('1566', '101210703', '文成');
INSERT INTO `mark_area` VALUES ('1567', '101210704', '平阳');
INSERT INTO `mark_area` VALUES ('1568', '101210705', '瑞安');
INSERT INTO `mark_area` VALUES ('1569', '101210706', '洞头');
INSERT INTO `mark_area` VALUES ('1570', '101210707', '乐清');
INSERT INTO `mark_area` VALUES ('1571', '101210708', '永嘉');
INSERT INTO `mark_area` VALUES ('1572', '101210709', '苍南');
INSERT INTO `mark_area` VALUES ('1573', '101210801', '丽水');
INSERT INTO `mark_area` VALUES ('1574', '101210802', '遂昌');
INSERT INTO `mark_area` VALUES ('1575', '101210803', '龙泉');
INSERT INTO `mark_area` VALUES ('1576', '101210804', '缙云');
INSERT INTO `mark_area` VALUES ('1577', '101210805', '青田');
INSERT INTO `mark_area` VALUES ('1578', '101210806', '云和');
INSERT INTO `mark_area` VALUES ('1579', '101210807', '庆元');
INSERT INTO `mark_area` VALUES ('1580', '101210901', '金华');
INSERT INTO `mark_area` VALUES ('1581', '101210902', '浦江');
INSERT INTO `mark_area` VALUES ('1582', '101210903', '兰溪');
INSERT INTO `mark_area` VALUES ('1583', '101210904', '义乌');
INSERT INTO `mark_area` VALUES ('1584', '101210905', '东阳');
INSERT INTO `mark_area` VALUES ('1585', '101210906', '武义');
INSERT INTO `mark_area` VALUES ('1586', '101210907', '永康');
INSERT INTO `mark_area` VALUES ('1587', '101210908', '磐安');
INSERT INTO `mark_area` VALUES ('1588', '101211001', '衢州');
INSERT INTO `mark_area` VALUES ('1589', '101211002', '常山');
INSERT INTO `mark_area` VALUES ('1590', '101211003', '开化');
INSERT INTO `mark_area` VALUES ('1591', '101211004', '龙游');
INSERT INTO `mark_area` VALUES ('1592', '101211005', '江山');
INSERT INTO `mark_area` VALUES ('1593', '101211101', '舟山');
INSERT INTO `mark_area` VALUES ('1594', '101211102', '嵊泗');
INSERT INTO `mark_area` VALUES ('1595', '101211103', '嵊山');
INSERT INTO `mark_area` VALUES ('1596', '101211104', '岱山');
INSERT INTO `mark_area` VALUES ('1597', '101211105', '普陀');
INSERT INTO `mark_area` VALUES ('1598', '101211106', '定海');
INSERT INTO `mark_area` VALUES ('1599', '101220101', '合肥');
INSERT INTO `mark_area` VALUES ('1600', '101220102', '长丰');
INSERT INTO `mark_area` VALUES ('1601', '101220103', '肥东');
INSERT INTO `mark_area` VALUES ('1602', '101220104', '肥西');
INSERT INTO `mark_area` VALUES ('1603', '101220201', '蚌埠');
INSERT INTO `mark_area` VALUES ('1604', '101220202', '怀远');
INSERT INTO `mark_area` VALUES ('1605', '101220203', '固镇');
INSERT INTO `mark_area` VALUES ('1606', '101220204', '五河');
INSERT INTO `mark_area` VALUES ('1607', '101220301', '芜湖');
INSERT INTO `mark_area` VALUES ('1608', '101220302', '繁昌');
INSERT INTO `mark_area` VALUES ('1609', '101220303', '芜湖县');
INSERT INTO `mark_area` VALUES ('1610', '101220304', '南陵');
INSERT INTO `mark_area` VALUES ('1611', '101220401', '淮南');
INSERT INTO `mark_area` VALUES ('1612', '101220402', '凤台');
INSERT INTO `mark_area` VALUES ('1613', '101220501', '马鞍山');
INSERT INTO `mark_area` VALUES ('1614', '101220502', '当涂');
INSERT INTO `mark_area` VALUES ('1615', '101220601', '安庆');
INSERT INTO `mark_area` VALUES ('1616', '101220602', '枞阳');
INSERT INTO `mark_area` VALUES ('1617', '101220603', '太湖');
INSERT INTO `mark_area` VALUES ('1618', '101220604', '潜山');
INSERT INTO `mark_area` VALUES ('1619', '101220605', '怀宁');
INSERT INTO `mark_area` VALUES ('1620', '101220606', '宿松');
INSERT INTO `mark_area` VALUES ('1621', '101220607', '望江');
INSERT INTO `mark_area` VALUES ('1622', '101220608', '岳西');
INSERT INTO `mark_area` VALUES ('1623', '101220609', '桐城');
INSERT INTO `mark_area` VALUES ('1624', '101220701', '宿州');
INSERT INTO `mark_area` VALUES ('1625', '101220702', '砀山');
INSERT INTO `mark_area` VALUES ('1626', '101220703', '灵璧');
INSERT INTO `mark_area` VALUES ('1627', '101220704', '泗县');
INSERT INTO `mark_area` VALUES ('1628', '101220705', '萧县');
INSERT INTO `mark_area` VALUES ('1629', '101220801', '阜阳');
INSERT INTO `mark_area` VALUES ('1630', '101220802', '阜南');
INSERT INTO `mark_area` VALUES ('1631', '101220803', '颍上');
INSERT INTO `mark_area` VALUES ('1632', '101220804', '临泉');
INSERT INTO `mark_area` VALUES ('1633', '101220805', '界首');
INSERT INTO `mark_area` VALUES ('1634', '101220806', '太和');
INSERT INTO `mark_area` VALUES ('1635', '101220901', '亳州');
INSERT INTO `mark_area` VALUES ('1636', '101220902', '涡阳');
INSERT INTO `mark_area` VALUES ('1637', '101220903', '利辛');
INSERT INTO `mark_area` VALUES ('1638', '101220904', '蒙城');
INSERT INTO `mark_area` VALUES ('1639', '101221001', '黄山站');
INSERT INTO `mark_area` VALUES ('1640', '101221002', '黄山区');
INSERT INTO `mark_area` VALUES ('1641', '101221003', '屯溪');
INSERT INTO `mark_area` VALUES ('1642', '101221004', '祁门');
INSERT INTO `mark_area` VALUES ('1643', '101221005', '黟县');
INSERT INTO `mark_area` VALUES ('1644', '101221006', '歙县');
INSERT INTO `mark_area` VALUES ('1645', '101221007', '休宁');
INSERT INTO `mark_area` VALUES ('1646', '101221008', '黄山市');
INSERT INTO `mark_area` VALUES ('1647', '101221101', '滁州');
INSERT INTO `mark_area` VALUES ('1648', '101221102', '凤阳');
INSERT INTO `mark_area` VALUES ('1649', '101221103', '明光');
INSERT INTO `mark_area` VALUES ('1650', '101221104', '定远');
INSERT INTO `mark_area` VALUES ('1651', '101221105', '全椒');
INSERT INTO `mark_area` VALUES ('1652', '101221106', '来安');
INSERT INTO `mark_area` VALUES ('1653', '101221107', '天长');
INSERT INTO `mark_area` VALUES ('1654', '101221201', '淮北');
INSERT INTO `mark_area` VALUES ('1655', '101221202', '濉溪');
INSERT INTO `mark_area` VALUES ('1656', '101221301', '铜陵');
INSERT INTO `mark_area` VALUES ('1657', '101221401', '宣城');
INSERT INTO `mark_area` VALUES ('1658', '101221402', '泾县');
INSERT INTO `mark_area` VALUES ('1659', '101221403', '旌德');
INSERT INTO `mark_area` VALUES ('1660', '101221404', '宁国');
INSERT INTO `mark_area` VALUES ('1661', '101221405', '绩溪');
INSERT INTO `mark_area` VALUES ('1662', '101221406', '广德');
INSERT INTO `mark_area` VALUES ('1663', '101221407', '郎溪');
INSERT INTO `mark_area` VALUES ('1664', '101221501', '六安');
INSERT INTO `mark_area` VALUES ('1665', '101221502', '霍邱');
INSERT INTO `mark_area` VALUES ('1666', '101221503', '寿县');
INSERT INTO `mark_area` VALUES ('1667', '101221504', '南溪');
INSERT INTO `mark_area` VALUES ('1668', '101221505', '金寨');
INSERT INTO `mark_area` VALUES ('1669', '101221506', '霍山');
INSERT INTO `mark_area` VALUES ('1670', '101221507', '舒城');
INSERT INTO `mark_area` VALUES ('1671', '101221601', '巢湖');
INSERT INTO `mark_area` VALUES ('1672', '101221602', '庐江');
INSERT INTO `mark_area` VALUES ('1673', '101221603', '无为');
INSERT INTO `mark_area` VALUES ('1674', '101221604', '含山');
INSERT INTO `mark_area` VALUES ('1675', '101221605', '和县');
INSERT INTO `mark_area` VALUES ('1676', '101221701', '池州');
INSERT INTO `mark_area` VALUES ('1677', '101221702', '东至');
INSERT INTO `mark_area` VALUES ('1678', '101221703', '青阳');
INSERT INTO `mark_area` VALUES ('1679', '101221704', '九华山');
INSERT INTO `mark_area` VALUES ('1680', '101221705', '石台');
INSERT INTO `mark_area` VALUES ('1681', '101230101', '福州');
INSERT INTO `mark_area` VALUES ('1682', '101230102', '闽清');
INSERT INTO `mark_area` VALUES ('1683', '101230103', '闽侯');
INSERT INTO `mark_area` VALUES ('1684', '101230104', '罗源');
INSERT INTO `mark_area` VALUES ('1685', '101230105', '连江');
INSERT INTO `mark_area` VALUES ('1686', '101230106', '马祖');
INSERT INTO `mark_area` VALUES ('1687', '101230107', '永泰');
INSERT INTO `mark_area` VALUES ('1688', '101230108', '平潭');
INSERT INTO `mark_area` VALUES ('1689', '101230109', '福州郊区');
INSERT INTO `mark_area` VALUES ('1690', '101230110', '长乐');
INSERT INTO `mark_area` VALUES ('1691', '101230111', '福清');
INSERT INTO `mark_area` VALUES ('1692', '101230112', '平潭海峡大桥');
INSERT INTO `mark_area` VALUES ('1693', '101230201', '厦门');
INSERT INTO `mark_area` VALUES ('1694', '101230202', '同安');
INSERT INTO `mark_area` VALUES ('1695', '101230301', '宁德');
INSERT INTO `mark_area` VALUES ('1696', '101230302', '古田');
INSERT INTO `mark_area` VALUES ('1697', '101230303', '霞浦');
INSERT INTO `mark_area` VALUES ('1698', '101230304', '寿宁');
INSERT INTO `mark_area` VALUES ('1699', '101230305', '周宁');
INSERT INTO `mark_area` VALUES ('1700', '101230306', '福安');
INSERT INTO `mark_area` VALUES ('1701', '101230307', '柘荣');
INSERT INTO `mark_area` VALUES ('1702', '101230308', '福鼎');
INSERT INTO `mark_area` VALUES ('1703', '101230309', '屏南');
INSERT INTO `mark_area` VALUES ('1704', '101230401', '莆田');
INSERT INTO `mark_area` VALUES ('1705', '101230402', '仙游');
INSERT INTO `mark_area` VALUES ('1706', '101230403', '秀屿港');
INSERT INTO `mark_area` VALUES ('1707', '101230501', '泉州');
INSERT INTO `mark_area` VALUES ('1708', '101230502', '安溪');
INSERT INTO `mark_area` VALUES ('1709', '101230503', '九仙山');
INSERT INTO `mark_area` VALUES ('1710', '101230504', '永春');
INSERT INTO `mark_area` VALUES ('1711', '101230505', '德化');
INSERT INTO `mark_area` VALUES ('1712', '101230506', '南安');
INSERT INTO `mark_area` VALUES ('1713', '101230507', '崇武');
INSERT INTO `mark_area` VALUES ('1714', '101230508', '金山');
INSERT INTO `mark_area` VALUES ('1715', '101230509', '晋江');
INSERT INTO `mark_area` VALUES ('1716', '101230601', '漳州');
INSERT INTO `mark_area` VALUES ('1717', '101230602', '长泰');
INSERT INTO `mark_area` VALUES ('1718', '101230603', '南靖');
INSERT INTO `mark_area` VALUES ('1719', '101230604', '平和');
INSERT INTO `mark_area` VALUES ('1720', '101230605', '龙海');
INSERT INTO `mark_area` VALUES ('1721', '101230606', '漳浦');
INSERT INTO `mark_area` VALUES ('1722', '101230607', '诏安');
INSERT INTO `mark_area` VALUES ('1723', '101230608', '东山');
INSERT INTO `mark_area` VALUES ('1724', '101230609', '云霄');
INSERT INTO `mark_area` VALUES ('1725', '101230610', '华安');
INSERT INTO `mark_area` VALUES ('1726', '101230701', '龙岩');
INSERT INTO `mark_area` VALUES ('1727', '101230702', '长汀');
INSERT INTO `mark_area` VALUES ('1728', '101230703', '连城');
INSERT INTO `mark_area` VALUES ('1729', '101230704', '武平');
INSERT INTO `mark_area` VALUES ('1730', '101230705', '上杭');
INSERT INTO `mark_area` VALUES ('1731', '101230706', '永定');
INSERT INTO `mark_area` VALUES ('1732', '101230707', '漳平');
INSERT INTO `mark_area` VALUES ('1733', '101230801', '三明');
INSERT INTO `mark_area` VALUES ('1734', '101230802', '宁化');
INSERT INTO `mark_area` VALUES ('1735', '101230803', '清流');
INSERT INTO `mark_area` VALUES ('1736', '101230804', '泰宁');
INSERT INTO `mark_area` VALUES ('1737', '101230805', '将乐');
INSERT INTO `mark_area` VALUES ('1738', '101230806', '建宁');
INSERT INTO `mark_area` VALUES ('1739', '101230807', '明溪');
INSERT INTO `mark_area` VALUES ('1740', '101230808', '沙县');
INSERT INTO `mark_area` VALUES ('1741', '101230809', '尤溪');
INSERT INTO `mark_area` VALUES ('1742', '101230810', '永安');
INSERT INTO `mark_area` VALUES ('1743', '101230811', '大田');
INSERT INTO `mark_area` VALUES ('1744', '101230901', '南平');
INSERT INTO `mark_area` VALUES ('1745', '101230902', '顺昌');
INSERT INTO `mark_area` VALUES ('1746', '101230903', '光泽');
INSERT INTO `mark_area` VALUES ('1747', '101230904', '邵武');
INSERT INTO `mark_area` VALUES ('1748', '101230905', '武夷山');
INSERT INTO `mark_area` VALUES ('1749', '101230906', '浦城');
INSERT INTO `mark_area` VALUES ('1750', '101230907', '建阳');
INSERT INTO `mark_area` VALUES ('1751', '101230908', '松溪');
INSERT INTO `mark_area` VALUES ('1752', '101230909', '政和');
INSERT INTO `mark_area` VALUES ('1753', '101230910', '建瓯');
INSERT INTO `mark_area` VALUES ('1754', '101240101', '南昌');
INSERT INTO `mark_area` VALUES ('1755', '101240102', '新建');
INSERT INTO `mark_area` VALUES ('1756', '101240103', '南昌县');
INSERT INTO `mark_area` VALUES ('1757', '101240104', '安义');
INSERT INTO `mark_area` VALUES ('1758', '101240105', '进贤');
INSERT INTO `mark_area` VALUES ('1759', '101240106', '莲塘');
INSERT INTO `mark_area` VALUES ('1760', '101240201', '九江');
INSERT INTO `mark_area` VALUES ('1761', '101240202', '瑞昌');
INSERT INTO `mark_area` VALUES ('1762', '101240203', '庐山');
INSERT INTO `mark_area` VALUES ('1763', '101240204', '武宁');
INSERT INTO `mark_area` VALUES ('1764', '101240205', '德安');
INSERT INTO `mark_area` VALUES ('1765', '101240206', '永修');
INSERT INTO `mark_area` VALUES ('1766', '101240207', '湖口');
INSERT INTO `mark_area` VALUES ('1767', '101240208', '彭泽');
INSERT INTO `mark_area` VALUES ('1768', '101240209', '星子');
INSERT INTO `mark_area` VALUES ('1769', '101240210', '都昌');
INSERT INTO `mark_area` VALUES ('1770', '101240211', '棠荫');
INSERT INTO `mark_area` VALUES ('1771', '101240212', '修水');
INSERT INTO `mark_area` VALUES ('1772', '101240301', '上饶');
INSERT INTO `mark_area` VALUES ('1773', '101240302', '鄱阳');
INSERT INTO `mark_area` VALUES ('1774', '101240303', '婺源');
INSERT INTO `mark_area` VALUES ('1775', '101240304', '康山');
INSERT INTO `mark_area` VALUES ('1776', '101240305', '余干');
INSERT INTO `mark_area` VALUES ('1777', '101240306', '万年');
INSERT INTO `mark_area` VALUES ('1778', '101240307', '德兴');
INSERT INTO `mark_area` VALUES ('1779', '101240308', '上饶县');
INSERT INTO `mark_area` VALUES ('1780', '101240309', '弋阳');
INSERT INTO `mark_area` VALUES ('1781', '101240310', '横峰');
INSERT INTO `mark_area` VALUES ('1782', '101240311', '铅山');
INSERT INTO `mark_area` VALUES ('1783', '101240312', '玉山');
INSERT INTO `mark_area` VALUES ('1784', '101240313', '广丰');
INSERT INTO `mark_area` VALUES ('1785', '101240314', '波阳');
INSERT INTO `mark_area` VALUES ('1786', '101240401', '抚州');
INSERT INTO `mark_area` VALUES ('1787', '101240402', '广昌');
INSERT INTO `mark_area` VALUES ('1788', '101240403', '乐安');
INSERT INTO `mark_area` VALUES ('1789', '101240404', '崇仁');
INSERT INTO `mark_area` VALUES ('1790', '101240405', '金溪');
INSERT INTO `mark_area` VALUES ('1791', '101240406', '资溪');
INSERT INTO `mark_area` VALUES ('1792', '101240407', '宜黄');
INSERT INTO `mark_area` VALUES ('1793', '101240408', '南城');
INSERT INTO `mark_area` VALUES ('1794', '101240409', '南丰');
INSERT INTO `mark_area` VALUES ('1795', '101240410', '黎川');
INSERT INTO `mark_area` VALUES ('1796', '101240411', '东乡');
INSERT INTO `mark_area` VALUES ('1797', '101240501', '宜春');
INSERT INTO `mark_area` VALUES ('1798', '101240502', '铜鼓');
INSERT INTO `mark_area` VALUES ('1799', '101240503', '宜丰');
INSERT INTO `mark_area` VALUES ('1800', '101240504', '万载');
INSERT INTO `mark_area` VALUES ('1801', '101240505', '上高');
INSERT INTO `mark_area` VALUES ('1802', '101240506', '靖安');
INSERT INTO `mark_area` VALUES ('1803', '101240507', '奉新');
INSERT INTO `mark_area` VALUES ('1804', '101240508', '高安');
INSERT INTO `mark_area` VALUES ('1805', '101240509', '樟树');
INSERT INTO `mark_area` VALUES ('1806', '101240510', '丰城');
INSERT INTO `mark_area` VALUES ('1807', '101240601', '吉安');
INSERT INTO `mark_area` VALUES ('1808', '101240602', '吉安县');
INSERT INTO `mark_area` VALUES ('1809', '101240603', '吉水');
INSERT INTO `mark_area` VALUES ('1810', '101240604', '新干');
INSERT INTO `mark_area` VALUES ('1811', '101240605', '峡江');
INSERT INTO `mark_area` VALUES ('1812', '101240606', '永丰');
INSERT INTO `mark_area` VALUES ('1813', '101240607', '永新');
INSERT INTO `mark_area` VALUES ('1814', '101240608', '井冈山');
INSERT INTO `mark_area` VALUES ('1815', '101240609', '万安');
INSERT INTO `mark_area` VALUES ('1816', '101240610', '遂川');
INSERT INTO `mark_area` VALUES ('1817', '101240611', '泰和');
INSERT INTO `mark_area` VALUES ('1818', '101240612', '安福');
INSERT INTO `mark_area` VALUES ('1819', '101240613', '宁冈');
INSERT INTO `mark_area` VALUES ('1820', '101240701', '赣州');
INSERT INTO `mark_area` VALUES ('1821', '101240702', '崇义');
INSERT INTO `mark_area` VALUES ('1822', '101240703', '上犹');
INSERT INTO `mark_area` VALUES ('1823', '101240704', '南康');
INSERT INTO `mark_area` VALUES ('1824', '101240705', '大余');
INSERT INTO `mark_area` VALUES ('1825', '101240706', '信丰');
INSERT INTO `mark_area` VALUES ('1826', '101240707', '宁都');
INSERT INTO `mark_area` VALUES ('1827', '101240708', '石城');
INSERT INTO `mark_area` VALUES ('1828', '101240709', '瑞金');
INSERT INTO `mark_area` VALUES ('1829', '101240710', '于都');
INSERT INTO `mark_area` VALUES ('1830', '101240711', '会昌');
INSERT INTO `mark_area` VALUES ('1831', '101240712', '安远');
INSERT INTO `mark_area` VALUES ('1832', '101240713', '全南');
INSERT INTO `mark_area` VALUES ('1833', '101240714', '龙南');
INSERT INTO `mark_area` VALUES ('1834', '101240715', '定南');
INSERT INTO `mark_area` VALUES ('1835', '101240716', '寻乌');
INSERT INTO `mark_area` VALUES ('1836', '101240717', '兴国');
INSERT INTO `mark_area` VALUES ('1837', '101240801', '景德镇');
INSERT INTO `mark_area` VALUES ('1838', '101240802', '乐平');
INSERT INTO `mark_area` VALUES ('1839', '101240901', '萍乡');
INSERT INTO `mark_area` VALUES ('1840', '101240902', '莲花');
INSERT INTO `mark_area` VALUES ('1841', '101241001', '新余');
INSERT INTO `mark_area` VALUES ('1842', '101241002', '分宜');
INSERT INTO `mark_area` VALUES ('1843', '101241101', '鹰潭');
INSERT INTO `mark_area` VALUES ('1844', '101241102', '余江');
INSERT INTO `mark_area` VALUES ('1845', '101241103', '贵溪');
INSERT INTO `mark_area` VALUES ('1846', '101250101', '长沙');
INSERT INTO `mark_area` VALUES ('1847', '101250102', '宁乡');
INSERT INTO `mark_area` VALUES ('1848', '101250103', '浏阳');
INSERT INTO `mark_area` VALUES ('1849', '101250104', '马坡岭');
INSERT INTO `mark_area` VALUES ('1850', '101250201', '湘潭');
INSERT INTO `mark_area` VALUES ('1851', '101250202', '韶山');
INSERT INTO `mark_area` VALUES ('1852', '101250203', '湘乡');
INSERT INTO `mark_area` VALUES ('1853', '101250301', '株洲');
INSERT INTO `mark_area` VALUES ('1854', '101250302', '攸县');
INSERT INTO `mark_area` VALUES ('1855', '101250303', '醴陵');
INSERT INTO `mark_area` VALUES ('1856', '101250304', '株洲县');
INSERT INTO `mark_area` VALUES ('1857', '101250305', '茶陵');
INSERT INTO `mark_area` VALUES ('1858', '101250306', '炎陵');
INSERT INTO `mark_area` VALUES ('1859', '101250401', '衡阳');
INSERT INTO `mark_area` VALUES ('1860', '101250402', '衡山');
INSERT INTO `mark_area` VALUES ('1861', '101250403', '衡东');
INSERT INTO `mark_area` VALUES ('1862', '101250404', '祁东');
INSERT INTO `mark_area` VALUES ('1863', '101250405', '衡阳县');
INSERT INTO `mark_area` VALUES ('1864', '101250406', '常宁');
INSERT INTO `mark_area` VALUES ('1865', '101250407', '衡南');
INSERT INTO `mark_area` VALUES ('1866', '101250408', '耒阳');
INSERT INTO `mark_area` VALUES ('1867', '101250409', '南岳');
INSERT INTO `mark_area` VALUES ('1868', '101250501', '郴州');
INSERT INTO `mark_area` VALUES ('1869', '101250502', '桂阳');
INSERT INTO `mark_area` VALUES ('1870', '101250503', '嘉禾');
INSERT INTO `mark_area` VALUES ('1871', '101250504', '宜章');
INSERT INTO `mark_area` VALUES ('1872', '101250505', '临武');
INSERT INTO `mark_area` VALUES ('1873', '101250506', '桥口');
INSERT INTO `mark_area` VALUES ('1874', '101250507', '资兴');
INSERT INTO `mark_area` VALUES ('1875', '101250508', '汝城');
INSERT INTO `mark_area` VALUES ('1876', '101250509', '安仁');
INSERT INTO `mark_area` VALUES ('1877', '101250510', '永兴');
INSERT INTO `mark_area` VALUES ('1878', '101250511', '桂东');
INSERT INTO `mark_area` VALUES ('1879', '101250601', '常德');
INSERT INTO `mark_area` VALUES ('1880', '101250602', '安乡');
INSERT INTO `mark_area` VALUES ('1881', '101250603', '桃源');
INSERT INTO `mark_area` VALUES ('1882', '101250604', '汉寿');
INSERT INTO `mark_area` VALUES ('1883', '101250605', '澧县');
INSERT INTO `mark_area` VALUES ('1884', '101250606', '临澧');
INSERT INTO `mark_area` VALUES ('1885', '101250607', '石门');
INSERT INTO `mark_area` VALUES ('1886', '101250700', '益阳');
INSERT INTO `mark_area` VALUES ('1887', '101250701', '赫山区');
INSERT INTO `mark_area` VALUES ('1888', '101250702', '南县');
INSERT INTO `mark_area` VALUES ('1889', '101250703', '桃江');
INSERT INTO `mark_area` VALUES ('1890', '101250704', '安化');
INSERT INTO `mark_area` VALUES ('1891', '101250705', '沅江');
INSERT INTO `mark_area` VALUES ('1892', '101250801', '娄底');
INSERT INTO `mark_area` VALUES ('1893', '101250802', '双峰');
INSERT INTO `mark_area` VALUES ('1894', '101250803', '冷水江');
INSERT INTO `mark_area` VALUES ('1895', '101250804', '冷水滩');
INSERT INTO `mark_area` VALUES ('1896', '101250805', '新化');
INSERT INTO `mark_area` VALUES ('1897', '101250806', '涟源');
INSERT INTO `mark_area` VALUES ('1898', '101250901', '邵阳');
INSERT INTO `mark_area` VALUES ('1899', '101250902', '隆回');
INSERT INTO `mark_area` VALUES ('1900', '101250903', '洞口');
INSERT INTO `mark_area` VALUES ('1901', '101250904', '新邵');
INSERT INTO `mark_area` VALUES ('1902', '101250905', '邵东');
INSERT INTO `mark_area` VALUES ('1903', '101250906', '绥宁');
INSERT INTO `mark_area` VALUES ('1904', '101250907', '新宁');
INSERT INTO `mark_area` VALUES ('1905', '101250908', '武冈');
INSERT INTO `mark_area` VALUES ('1906', '101250909', '城步');
INSERT INTO `mark_area` VALUES ('1907', '101250910', '邵阳县');
INSERT INTO `mark_area` VALUES ('1908', '101251001', '岳阳');
INSERT INTO `mark_area` VALUES ('1909', '101251002', '华容');
INSERT INTO `mark_area` VALUES ('1910', '101251003', '湘阴');
INSERT INTO `mark_area` VALUES ('1911', '101251004', '汨罗');
INSERT INTO `mark_area` VALUES ('1912', '101251005', '平江');
INSERT INTO `mark_area` VALUES ('1913', '101251006', '临湘');
INSERT INTO `mark_area` VALUES ('1914', '101251101', '张家界');
INSERT INTO `mark_area` VALUES ('1915', '101251102', '桑植');
INSERT INTO `mark_area` VALUES ('1916', '101251103', '慈利');
INSERT INTO `mark_area` VALUES ('1917', '101251201', '怀化');
INSERT INTO `mark_area` VALUES ('1918', '101251202', '鹤城区');
INSERT INTO `mark_area` VALUES ('1919', '101251203', '沅陵');
INSERT INTO `mark_area` VALUES ('1920', '101251204', '辰溪');
INSERT INTO `mark_area` VALUES ('1921', '101251205', '靖州');
INSERT INTO `mark_area` VALUES ('1922', '101251206', '会同');
INSERT INTO `mark_area` VALUES ('1923', '101251207', '通道');
INSERT INTO `mark_area` VALUES ('1924', '101251208', '麻阳');
INSERT INTO `mark_area` VALUES ('1925', '101251209', '新晃');
INSERT INTO `mark_area` VALUES ('1926', '101251210', '芷江');
INSERT INTO `mark_area` VALUES ('1927', '101251211', '溆浦');
INSERT INTO `mark_area` VALUES ('1928', '101251301', '黔阳');
INSERT INTO `mark_area` VALUES ('1929', '101251302', '洪江');
INSERT INTO `mark_area` VALUES ('1930', '101251401', '永州');
INSERT INTO `mark_area` VALUES ('1931', '101251402', '祁阳');
INSERT INTO `mark_area` VALUES ('1932', '101251403', '东安');
INSERT INTO `mark_area` VALUES ('1933', '101251404', '双牌');
INSERT INTO `mark_area` VALUES ('1934', '101251405', '道县');
INSERT INTO `mark_area` VALUES ('1935', '101251406', '宁远');
INSERT INTO `mark_area` VALUES ('1936', '101251407', '江永');
INSERT INTO `mark_area` VALUES ('1937', '101251408', '蓝山');
INSERT INTO `mark_area` VALUES ('1938', '101251409', '新田');
INSERT INTO `mark_area` VALUES ('1939', '101251410', '江华');
INSERT INTO `mark_area` VALUES ('1940', '101251501', '吉首');
INSERT INTO `mark_area` VALUES ('1941', '101251502', '保靖');
INSERT INTO `mark_area` VALUES ('1942', '101251503', '永顺');
INSERT INTO `mark_area` VALUES ('1943', '101251504', '古丈');
INSERT INTO `mark_area` VALUES ('1944', '101251505', '凤凰');
INSERT INTO `mark_area` VALUES ('1945', '101251506', '泸溪');
INSERT INTO `mark_area` VALUES ('1946', '101251507', '龙山');
INSERT INTO `mark_area` VALUES ('1947', '101251508', '花垣');
INSERT INTO `mark_area` VALUES ('1948', '101260101', '贵阳');
INSERT INTO `mark_area` VALUES ('1949', '101260102', '白云');
INSERT INTO `mark_area` VALUES ('1950', '101260103', '花溪');
INSERT INTO `mark_area` VALUES ('1951', '101260104', '乌当');
INSERT INTO `mark_area` VALUES ('1952', '101260105', '息烽');
INSERT INTO `mark_area` VALUES ('1953', '101260106', '开阳');
INSERT INTO `mark_area` VALUES ('1954', '101260107', '修文');
INSERT INTO `mark_area` VALUES ('1955', '101260108', '清镇');
INSERT INTO `mark_area` VALUES ('1956', '101260201', '遵义');
INSERT INTO `mark_area` VALUES ('1957', '101260202', '遵义县');
INSERT INTO `mark_area` VALUES ('1958', '101260203', '仁怀');
INSERT INTO `mark_area` VALUES ('1959', '101260204', '绥阳');
INSERT INTO `mark_area` VALUES ('1960', '101260205', '湄潭');
INSERT INTO `mark_area` VALUES ('1961', '101260206', '凤冈');
INSERT INTO `mark_area` VALUES ('1962', '101260207', '桐梓');
INSERT INTO `mark_area` VALUES ('1963', '101260208', '赤水');
INSERT INTO `mark_area` VALUES ('1964', '101260209', '习水');
INSERT INTO `mark_area` VALUES ('1965', '101260210', '道真');
INSERT INTO `mark_area` VALUES ('1966', '101260211', '正安');
INSERT INTO `mark_area` VALUES ('1967', '101260212', '务川');
INSERT INTO `mark_area` VALUES ('1968', '101260213', '余庆');
INSERT INTO `mark_area` VALUES ('1969', '101260214', '汇川');
INSERT INTO `mark_area` VALUES ('1970', '101260301', '安顺');
INSERT INTO `mark_area` VALUES ('1971', '101260302', '普定');
INSERT INTO `mark_area` VALUES ('1972', '101260303', '镇宁');
INSERT INTO `mark_area` VALUES ('1973', '101260304', '平坝');
INSERT INTO `mark_area` VALUES ('1974', '101260305', '紫云');
INSERT INTO `mark_area` VALUES ('1975', '101260306', '关岭');
INSERT INTO `mark_area` VALUES ('1976', '101260401', '都匀');
INSERT INTO `mark_area` VALUES ('1977', '101260402', '贵定');
INSERT INTO `mark_area` VALUES ('1978', '101260403', '瓮安');
INSERT INTO `mark_area` VALUES ('1979', '101260404', '长顺');
INSERT INTO `mark_area` VALUES ('1980', '101260405', '福泉');
INSERT INTO `mark_area` VALUES ('1981', '101260406', '惠水');
INSERT INTO `mark_area` VALUES ('1982', '101260407', '龙里');
INSERT INTO `mark_area` VALUES ('1983', '101260408', '罗甸');
INSERT INTO `mark_area` VALUES ('1984', '101260409', '平塘');
INSERT INTO `mark_area` VALUES ('1985', '101260410', '独山');
INSERT INTO `mark_area` VALUES ('1986', '101260411', '三都');
INSERT INTO `mark_area` VALUES ('1987', '101260412', '荔波');
INSERT INTO `mark_area` VALUES ('1988', '101260501', '凯里');
INSERT INTO `mark_area` VALUES ('1989', '101260502', '岑巩');
INSERT INTO `mark_area` VALUES ('1990', '101260503', '施秉');
INSERT INTO `mark_area` VALUES ('1991', '101260504', '镇远');
INSERT INTO `mark_area` VALUES ('1992', '101260505', '黄平');
INSERT INTO `mark_area` VALUES ('1993', '101260506', '黄平旧洲');
INSERT INTO `mark_area` VALUES ('1994', '101260507', '麻江');
INSERT INTO `mark_area` VALUES ('1995', '101260508', '丹寨');
INSERT INTO `mark_area` VALUES ('1996', '101260509', '三穗');
INSERT INTO `mark_area` VALUES ('1997', '101260510', '台江');
INSERT INTO `mark_area` VALUES ('1998', '101260511', '剑河');
INSERT INTO `mark_area` VALUES ('1999', '101260512', '雷山');
INSERT INTO `mark_area` VALUES ('2000', '101260513', '黎平');
INSERT INTO `mark_area` VALUES ('2001', '101260514', '天柱');
INSERT INTO `mark_area` VALUES ('2002', '101260515', '锦屏');
INSERT INTO `mark_area` VALUES ('2003', '101260516', '榕江');
INSERT INTO `mark_area` VALUES ('2004', '101260517', '从江');
INSERT INTO `mark_area` VALUES ('2005', '101260518', '炉山');
INSERT INTO `mark_area` VALUES ('2006', '101260601', '铜仁');
INSERT INTO `mark_area` VALUES ('2007', '101260602', '江口');
INSERT INTO `mark_area` VALUES ('2008', '101260603', '玉屏');
INSERT INTO `mark_area` VALUES ('2009', '101260604', '万山');
INSERT INTO `mark_area` VALUES ('2010', '101260605', '思南');
INSERT INTO `mark_area` VALUES ('2011', '101260606', '塘头');
INSERT INTO `mark_area` VALUES ('2012', '101260607', '印江');
INSERT INTO `mark_area` VALUES ('2013', '101260608', '石阡');
INSERT INTO `mark_area` VALUES ('2014', '101260609', '沿河');
INSERT INTO `mark_area` VALUES ('2015', '101260610', '德江');
INSERT INTO `mark_area` VALUES ('2016', '101260611', '松桃');
INSERT INTO `mark_area` VALUES ('2017', '101260701', '毕节');
INSERT INTO `mark_area` VALUES ('2018', '101260702', '赫章');
INSERT INTO `mark_area` VALUES ('2019', '101260703', '金沙');
INSERT INTO `mark_area` VALUES ('2020', '101260704', '威宁');
INSERT INTO `mark_area` VALUES ('2021', '101260705', '大方');
INSERT INTO `mark_area` VALUES ('2022', '101260706', '纳雍');
INSERT INTO `mark_area` VALUES ('2023', '101260707', '织金');
INSERT INTO `mark_area` VALUES ('2024', '101260801', '六盘水');
INSERT INTO `mark_area` VALUES ('2025', '101260802', '六枝');
INSERT INTO `mark_area` VALUES ('2026', '101260803', '水城');
INSERT INTO `mark_area` VALUES ('2027', '101260804', '盘县');
INSERT INTO `mark_area` VALUES ('2028', '101260901', '黔西');
INSERT INTO `mark_area` VALUES ('2029', '101260902', '晴隆');
INSERT INTO `mark_area` VALUES ('2030', '101260903', '兴仁');
INSERT INTO `mark_area` VALUES ('2031', '101260904', '贞丰');
INSERT INTO `mark_area` VALUES ('2032', '101260905', '望谟');
INSERT INTO `mark_area` VALUES ('2033', '101260906', '兴义');
INSERT INTO `mark_area` VALUES ('2034', '101260907', '安龙');
INSERT INTO `mark_area` VALUES ('2035', '101260908', '册亨');
INSERT INTO `mark_area` VALUES ('2036', '101260909', '普安');
INSERT INTO `mark_area` VALUES ('2037', '101270101', '成都');
INSERT INTO `mark_area` VALUES ('2038', '101270102', '龙泉驿');
INSERT INTO `mark_area` VALUES ('2039', '101270103', '新都');
INSERT INTO `mark_area` VALUES ('2040', '101270104', '温江');
INSERT INTO `mark_area` VALUES ('2041', '101270105', '金堂');
INSERT INTO `mark_area` VALUES ('2042', '101270106', '双流');
INSERT INTO `mark_area` VALUES ('2043', '101270107', '郫县');
INSERT INTO `mark_area` VALUES ('2044', '101270108', '大邑');
INSERT INTO `mark_area` VALUES ('2045', '101270109', '蒲江');
INSERT INTO `mark_area` VALUES ('2046', '101270110', '新津');
INSERT INTO `mark_area` VALUES ('2047', '101270111', '都江堰');
INSERT INTO `mark_area` VALUES ('2048', '101270112', '彭州');
INSERT INTO `mark_area` VALUES ('2049', '101270113', '邛崃');
INSERT INTO `mark_area` VALUES ('2050', '101270114', '崇州');
INSERT INTO `mark_area` VALUES ('2051', '101270115', '崇庆');
INSERT INTO `mark_area` VALUES ('2052', '101270116', '彭县');
INSERT INTO `mark_area` VALUES ('2053', '101270201', '攀枝花');
INSERT INTO `mark_area` VALUES ('2054', '101270202', '仁和');
INSERT INTO `mark_area` VALUES ('2055', '101270203', '米易');
INSERT INTO `mark_area` VALUES ('2056', '101270204', '盐边');
INSERT INTO `mark_area` VALUES ('2057', '101270301', '自贡');
INSERT INTO `mark_area` VALUES ('2058', '101270302', '富顺');
INSERT INTO `mark_area` VALUES ('2059', '101270303', '荣县');
INSERT INTO `mark_area` VALUES ('2060', '101270401', '绵阳');
INSERT INTO `mark_area` VALUES ('2061', '101270402', '三台');
INSERT INTO `mark_area` VALUES ('2062', '101270403', '盐亭');
INSERT INTO `mark_area` VALUES ('2063', '101270404', '安县');
INSERT INTO `mark_area` VALUES ('2064', '101270405', '梓潼');
INSERT INTO `mark_area` VALUES ('2065', '101270406', '北川');
INSERT INTO `mark_area` VALUES ('2066', '101270407', '平武');
INSERT INTO `mark_area` VALUES ('2067', '101270408', '江油');
INSERT INTO `mark_area` VALUES ('2068', '101270501', '南充');
INSERT INTO `mark_area` VALUES ('2069', '101270502', '南部');
INSERT INTO `mark_area` VALUES ('2070', '101270503', '营山');
INSERT INTO `mark_area` VALUES ('2071', '101270504', '蓬安');
INSERT INTO `mark_area` VALUES ('2072', '101270505', '仪陇');
INSERT INTO `mark_area` VALUES ('2073', '101270506', '西充');
INSERT INTO `mark_area` VALUES ('2074', '101270507', '阆中');
INSERT INTO `mark_area` VALUES ('2075', '101270601', '达州');
INSERT INTO `mark_area` VALUES ('2076', '101270602', '宣汉');
INSERT INTO `mark_area` VALUES ('2077', '101270603', '开江');
INSERT INTO `mark_area` VALUES ('2078', '101270604', '大竹');
INSERT INTO `mark_area` VALUES ('2079', '101270605', '渠县');
INSERT INTO `mark_area` VALUES ('2080', '101270606', '万源');
INSERT INTO `mark_area` VALUES ('2081', '101270607', '达川');
INSERT INTO `mark_area` VALUES ('2082', '101270701', '遂宁');
INSERT INTO `mark_area` VALUES ('2083', '101270702', '蓬溪');
INSERT INTO `mark_area` VALUES ('2084', '101270703', '射洪');
INSERT INTO `mark_area` VALUES ('2085', '101270801', '广安');
INSERT INTO `mark_area` VALUES ('2086', '101270802', '岳池');
INSERT INTO `mark_area` VALUES ('2087', '101270803', '武胜');
INSERT INTO `mark_area` VALUES ('2088', '101270804', '邻水');
INSERT INTO `mark_area` VALUES ('2089', '101270805', '华蓥山');
INSERT INTO `mark_area` VALUES ('2090', '101270901', '巴中');
INSERT INTO `mark_area` VALUES ('2091', '101270902', '通江');
INSERT INTO `mark_area` VALUES ('2092', '101270903', '南江');
INSERT INTO `mark_area` VALUES ('2093', '101270904', '平昌');
INSERT INTO `mark_area` VALUES ('2094', '101271001', '泸州');
INSERT INTO `mark_area` VALUES ('2095', '101271003', '泸县');
INSERT INTO `mark_area` VALUES ('2096', '101271004', '合江');
INSERT INTO `mark_area` VALUES ('2097', '101271005', '叙永');
INSERT INTO `mark_area` VALUES ('2098', '101271006', '古蔺');
INSERT INTO `mark_area` VALUES ('2099', '101271007', '纳溪');
INSERT INTO `mark_area` VALUES ('2100', '101271101', '宜宾');
INSERT INTO `mark_area` VALUES ('2101', '101271102', '宜宾农试站');
INSERT INTO `mark_area` VALUES ('2102', '101271103', '宜宾县');
INSERT INTO `mark_area` VALUES ('2103', '101271104', '南溪');
INSERT INTO `mark_area` VALUES ('2104', '101271105', '江安');
INSERT INTO `mark_area` VALUES ('2105', '101271106', '长宁');
INSERT INTO `mark_area` VALUES ('2106', '101271107', '高县');
INSERT INTO `mark_area` VALUES ('2107', '101271108', '珙县');
INSERT INTO `mark_area` VALUES ('2108', '101271109', '筠连');
INSERT INTO `mark_area` VALUES ('2109', '101271110', '兴文');
INSERT INTO `mark_area` VALUES ('2110', '101271111', '屏山');
INSERT INTO `mark_area` VALUES ('2111', '101271201', '内江');
INSERT INTO `mark_area` VALUES ('2112', '101271202', '东兴');
INSERT INTO `mark_area` VALUES ('2113', '101271203', '威远');
INSERT INTO `mark_area` VALUES ('2114', '101271204', '资中');
INSERT INTO `mark_area` VALUES ('2115', '101271205', '隆昌');
INSERT INTO `mark_area` VALUES ('2116', '101271301', '资阳');
INSERT INTO `mark_area` VALUES ('2117', '101271302', '安岳');
INSERT INTO `mark_area` VALUES ('2118', '101271303', '乐至');
INSERT INTO `mark_area` VALUES ('2119', '101271304', '简阳');
INSERT INTO `mark_area` VALUES ('2120', '101271401', '乐山');
INSERT INTO `mark_area` VALUES ('2121', '101271402', '犍为');
INSERT INTO `mark_area` VALUES ('2122', '101271403', '井研');
INSERT INTO `mark_area` VALUES ('2123', '101271404', '夹江');
INSERT INTO `mark_area` VALUES ('2124', '101271405', '沐川');
INSERT INTO `mark_area` VALUES ('2125', '101271406', '峨边');
INSERT INTO `mark_area` VALUES ('2126', '101271407', '马边');
INSERT INTO `mark_area` VALUES ('2127', '101271408', '峨眉');
INSERT INTO `mark_area` VALUES ('2128', '101271409', '峨眉山');
INSERT INTO `mark_area` VALUES ('2129', '101271501', '眉山');
INSERT INTO `mark_area` VALUES ('2130', '101271502', '仁寿');
INSERT INTO `mark_area` VALUES ('2131', '101271503', '彭山');
INSERT INTO `mark_area` VALUES ('2132', '101271504', '洪雅');
INSERT INTO `mark_area` VALUES ('2133', '101271505', '丹棱');
INSERT INTO `mark_area` VALUES ('2134', '101271506', '青神');
INSERT INTO `mark_area` VALUES ('2135', '101271601', '凉山');
INSERT INTO `mark_area` VALUES ('2136', '101271603', '木里');
INSERT INTO `mark_area` VALUES ('2137', '101271604', '盐源');
INSERT INTO `mark_area` VALUES ('2138', '101271605', '德昌');
INSERT INTO `mark_area` VALUES ('2139', '101271606', '会理');
INSERT INTO `mark_area` VALUES ('2140', '101271607', '会东');
INSERT INTO `mark_area` VALUES ('2141', '101271608', '宁南');
INSERT INTO `mark_area` VALUES ('2142', '101271609', '普格');
INSERT INTO `mark_area` VALUES ('2143', '101271610', '西昌');
INSERT INTO `mark_area` VALUES ('2144', '101271611', '金阳');
INSERT INTO `mark_area` VALUES ('2145', '101271612', '昭觉');
INSERT INTO `mark_area` VALUES ('2146', '101271613', '喜德');
INSERT INTO `mark_area` VALUES ('2147', '101271614', '冕宁');
INSERT INTO `mark_area` VALUES ('2148', '101271615', '越西');
INSERT INTO `mark_area` VALUES ('2149', '101271616', '甘洛');
INSERT INTO `mark_area` VALUES ('2150', '101271617', '雷波');
INSERT INTO `mark_area` VALUES ('2151', '101271618', '美姑');
INSERT INTO `mark_area` VALUES ('2152', '101271619', '布拖');
INSERT INTO `mark_area` VALUES ('2153', '101271701', '雅安');
INSERT INTO `mark_area` VALUES ('2154', '101271702', '名山');
INSERT INTO `mark_area` VALUES ('2155', '101271703', '荣经');
INSERT INTO `mark_area` VALUES ('2156', '101271704', '汉源');
INSERT INTO `mark_area` VALUES ('2157', '101271705', '石棉');
INSERT INTO `mark_area` VALUES ('2158', '101271706', '天全');
INSERT INTO `mark_area` VALUES ('2159', '101271707', '芦山');
INSERT INTO `mark_area` VALUES ('2160', '101271708', '宝兴');
INSERT INTO `mark_area` VALUES ('2161', '101271801', '甘孜');
INSERT INTO `mark_area` VALUES ('2162', '101271802', '康定');
INSERT INTO `mark_area` VALUES ('2163', '101271803', '泸定');
INSERT INTO `mark_area` VALUES ('2164', '101271804', '丹巴');
INSERT INTO `mark_area` VALUES ('2165', '101271805', '九龙');
INSERT INTO `mark_area` VALUES ('2166', '101271806', '雅江');
INSERT INTO `mark_area` VALUES ('2167', '101271807', '道孚');
INSERT INTO `mark_area` VALUES ('2168', '101271808', '炉霍');
INSERT INTO `mark_area` VALUES ('2169', '101271809', '新龙');
INSERT INTO `mark_area` VALUES ('2170', '101271810', '德格');
INSERT INTO `mark_area` VALUES ('2171', '101271811', '白玉');
INSERT INTO `mark_area` VALUES ('2172', '101271812', '石渠');
INSERT INTO `mark_area` VALUES ('2173', '101271813', '色达');
INSERT INTO `mark_area` VALUES ('2174', '101271814', '理塘');
INSERT INTO `mark_area` VALUES ('2175', '101271815', '巴塘');
INSERT INTO `mark_area` VALUES ('2176', '101271816', '乡城');
INSERT INTO `mark_area` VALUES ('2177', '101271817', '稻城');
INSERT INTO `mark_area` VALUES ('2178', '101271818', '得荣');
INSERT INTO `mark_area` VALUES ('2179', '101271901', '阿坝');
INSERT INTO `mark_area` VALUES ('2180', '101271902', '汶川');
INSERT INTO `mark_area` VALUES ('2181', '101271903', '理县');
INSERT INTO `mark_area` VALUES ('2182', '101271904', '茂县');
INSERT INTO `mark_area` VALUES ('2183', '101271905', '松潘');
INSERT INTO `mark_area` VALUES ('2184', '101271906', '九寨沟');
INSERT INTO `mark_area` VALUES ('2185', '101271907', '金川');
INSERT INTO `mark_area` VALUES ('2186', '101271908', '小金');
INSERT INTO `mark_area` VALUES ('2187', '101271909', '黑水');
INSERT INTO `mark_area` VALUES ('2188', '101271910', '马尔康');
INSERT INTO `mark_area` VALUES ('2189', '101271911', '壤塘');
INSERT INTO `mark_area` VALUES ('2190', '101271912', '若尔盖');
INSERT INTO `mark_area` VALUES ('2191', '101271913', '红原');
INSERT INTO `mark_area` VALUES ('2192', '101271914', '南坪');
INSERT INTO `mark_area` VALUES ('2193', '101272001', '德阳');
INSERT INTO `mark_area` VALUES ('2194', '101272002', '中江');
INSERT INTO `mark_area` VALUES ('2195', '101272003', '广汉');
INSERT INTO `mark_area` VALUES ('2196', '101272004', '什邡');
INSERT INTO `mark_area` VALUES ('2197', '101272005', '绵竹');
INSERT INTO `mark_area` VALUES ('2198', '101272006', '罗江');
INSERT INTO `mark_area` VALUES ('2199', '101272101', '广元');
INSERT INTO `mark_area` VALUES ('2200', '101272102', '旺苍');
INSERT INTO `mark_area` VALUES ('2201', '101272103', '青川');
INSERT INTO `mark_area` VALUES ('2202', '101272104', '剑阁');
INSERT INTO `mark_area` VALUES ('2203', '101272105', '苍溪');
INSERT INTO `mark_area` VALUES ('2204', '101280101', '广州');
INSERT INTO `mark_area` VALUES ('2205', '101280102', '番禺');
INSERT INTO `mark_area` VALUES ('2206', '101280103', '从化');
INSERT INTO `mark_area` VALUES ('2207', '101280104', '增城');
INSERT INTO `mark_area` VALUES ('2208', '101280105', '花都');
INSERT INTO `mark_area` VALUES ('2209', '101280106', '天河');
INSERT INTO `mark_area` VALUES ('2210', '101280201', '韶关');
INSERT INTO `mark_area` VALUES ('2211', '101280202', '乳源');
INSERT INTO `mark_area` VALUES ('2212', '101280203', '始兴');
INSERT INTO `mark_area` VALUES ('2213', '101280204', '翁源');
INSERT INTO `mark_area` VALUES ('2214', '101280205', '乐昌');
INSERT INTO `mark_area` VALUES ('2215', '101280206', '仁化');
INSERT INTO `mark_area` VALUES ('2216', '101280207', '南雄');
INSERT INTO `mark_area` VALUES ('2217', '101280208', '新丰');
INSERT INTO `mark_area` VALUES ('2218', '101280209', '曲江');
INSERT INTO `mark_area` VALUES ('2219', '101280301', '惠州');
INSERT INTO `mark_area` VALUES ('2220', '101280302', '博罗');
INSERT INTO `mark_area` VALUES ('2221', '101280303', '惠阳');
INSERT INTO `mark_area` VALUES ('2222', '101280304', '惠东');
INSERT INTO `mark_area` VALUES ('2223', '101280305', '龙门');
INSERT INTO `mark_area` VALUES ('2224', '101280401', '梅州');
INSERT INTO `mark_area` VALUES ('2225', '101280402', '兴宁');
INSERT INTO `mark_area` VALUES ('2226', '101280403', '蕉岭');
INSERT INTO `mark_area` VALUES ('2227', '101280404', '大埔');
INSERT INTO `mark_area` VALUES ('2228', '101280406', '丰顺');
INSERT INTO `mark_area` VALUES ('2229', '101280407', '平远');
INSERT INTO `mark_area` VALUES ('2230', '101280408', '五华');
INSERT INTO `mark_area` VALUES ('2231', '101280409', '梅县');
INSERT INTO `mark_area` VALUES ('2232', '101280501', '汕头');
INSERT INTO `mark_area` VALUES ('2233', '101280502', '潮阳');
INSERT INTO `mark_area` VALUES ('2234', '101280503', '澄海');
INSERT INTO `mark_area` VALUES ('2235', '101280504', '南澳');
INSERT INTO `mark_area` VALUES ('2236', '101280505', '云澳');
INSERT INTO `mark_area` VALUES ('2237', '101280506', '南澎岛');
INSERT INTO `mark_area` VALUES ('2238', '101280601', '深圳');
INSERT INTO `mark_area` VALUES ('2239', '101280701', '珠海');
INSERT INTO `mark_area` VALUES ('2240', '101280702', '斗门');
INSERT INTO `mark_area` VALUES ('2241', '101280703', '黄茅洲');
INSERT INTO `mark_area` VALUES ('2242', '101280800', '佛山');
INSERT INTO `mark_area` VALUES ('2243', '101280801', '顺德');
INSERT INTO `mark_area` VALUES ('2244', '101280802', '三水');
INSERT INTO `mark_area` VALUES ('2245', '101280803', '南海');
INSERT INTO `mark_area` VALUES ('2246', '101280901', '肇庆');
INSERT INTO `mark_area` VALUES ('2247', '101280902', '广宁');
INSERT INTO `mark_area` VALUES ('2248', '101280903', '四会');
INSERT INTO `mark_area` VALUES ('2249', '101280905', '德庆');
INSERT INTO `mark_area` VALUES ('2250', '101280906', '怀集');
INSERT INTO `mark_area` VALUES ('2251', '101280907', '封开');
INSERT INTO `mark_area` VALUES ('2252', '101280908', '高要');
INSERT INTO `mark_area` VALUES ('2253', '101281001', '湛江');
INSERT INTO `mark_area` VALUES ('2254', '101281002', '吴川');
INSERT INTO `mark_area` VALUES ('2255', '101281003', '雷州');
INSERT INTO `mark_area` VALUES ('2256', '101281004', '徐闻');
INSERT INTO `mark_area` VALUES ('2257', '101281005', '廉江');
INSERT INTO `mark_area` VALUES ('2258', '101281006', '硇洲');
INSERT INTO `mark_area` VALUES ('2259', '101281007', '遂溪');
INSERT INTO `mark_area` VALUES ('2260', '101281101', '江门');
INSERT INTO `mark_area` VALUES ('2261', '101281103', '开平');
INSERT INTO `mark_area` VALUES ('2262', '101281104', '新会');
INSERT INTO `mark_area` VALUES ('2263', '101281105', '恩平');
INSERT INTO `mark_area` VALUES ('2264', '101281106', '台山');
INSERT INTO `mark_area` VALUES ('2265', '101281107', '上川岛');
INSERT INTO `mark_area` VALUES ('2266', '101281108', '鹤山');
INSERT INTO `mark_area` VALUES ('2267', '101281201', '河源');
INSERT INTO `mark_area` VALUES ('2268', '101281202', '紫金');
INSERT INTO `mark_area` VALUES ('2269', '101281203', '连平');
INSERT INTO `mark_area` VALUES ('2270', '101281204', '和平');
INSERT INTO `mark_area` VALUES ('2271', '101281205', '龙川');
INSERT INTO `mark_area` VALUES ('2272', '101281301', '清远');
INSERT INTO `mark_area` VALUES ('2273', '101281302', '连南');
INSERT INTO `mark_area` VALUES ('2274', '101281303', '连州');
INSERT INTO `mark_area` VALUES ('2275', '101281304', '连山');
INSERT INTO `mark_area` VALUES ('2276', '101281305', '阳山');
INSERT INTO `mark_area` VALUES ('2277', '101281306', '佛冈');
INSERT INTO `mark_area` VALUES ('2278', '101281307', '英德');
INSERT INTO `mark_area` VALUES ('2279', '101281401', '云浮');
INSERT INTO `mark_area` VALUES ('2280', '101281402', '罗定');
INSERT INTO `mark_area` VALUES ('2281', '101281403', '新兴');
INSERT INTO `mark_area` VALUES ('2282', '101281404', '郁南');
INSERT INTO `mark_area` VALUES ('2283', '101281501', '潮州');
INSERT INTO `mark_area` VALUES ('2284', '101281502', '饶平');
INSERT INTO `mark_area` VALUES ('2285', '101281601', '东莞');
INSERT INTO `mark_area` VALUES ('2286', '101281701', '中山');
INSERT INTO `mark_area` VALUES ('2287', '101281801', '阳江');
INSERT INTO `mark_area` VALUES ('2288', '101281802', '阳春');
INSERT INTO `mark_area` VALUES ('2289', '101281901', '揭阳');
INSERT INTO `mark_area` VALUES ('2290', '101281902', '揭西');
INSERT INTO `mark_area` VALUES ('2291', '101281903', '普宁');
INSERT INTO `mark_area` VALUES ('2292', '101281904', '惠来');
INSERT INTO `mark_area` VALUES ('2293', '101282001', '茂名');
INSERT INTO `mark_area` VALUES ('2294', '101282002', '高州');
INSERT INTO `mark_area` VALUES ('2295', '101282003', '化州');
INSERT INTO `mark_area` VALUES ('2296', '101282004', '电白');
INSERT INTO `mark_area` VALUES ('2297', '101282005', '信宜');
INSERT INTO `mark_area` VALUES ('2298', '101282101', '汕尾');
INSERT INTO `mark_area` VALUES ('2299', '101282102', '海丰');
INSERT INTO `mark_area` VALUES ('2300', '101282103', '陆丰');
INSERT INTO `mark_area` VALUES ('2301', '101282104', '遮浪');
INSERT INTO `mark_area` VALUES ('2302', '101282105', '东沙岛');
INSERT INTO `mark_area` VALUES ('2303', '101290101', '昆明');
INSERT INTO `mark_area` VALUES ('2304', '101290102', '昆明农试站');
INSERT INTO `mark_area` VALUES ('2305', '101290103', '东川');
INSERT INTO `mark_area` VALUES ('2306', '101290104', '寻甸');
INSERT INTO `mark_area` VALUES ('2307', '101290105', '晋宁');
INSERT INTO `mark_area` VALUES ('2308', '101290106', '宜良');
INSERT INTO `mark_area` VALUES ('2309', '101290107', '石林');
INSERT INTO `mark_area` VALUES ('2310', '101290108', '呈贡');
INSERT INTO `mark_area` VALUES ('2311', '101290109', '富民');
INSERT INTO `mark_area` VALUES ('2312', '101290110', '嵩明');
INSERT INTO `mark_area` VALUES ('2313', '101290111', '禄劝');
INSERT INTO `mark_area` VALUES ('2314', '101290112', '安宁');
INSERT INTO `mark_area` VALUES ('2315', '101290113', '太华山');
INSERT INTO `mark_area` VALUES ('2316', '101290114', '河口');
INSERT INTO `mark_area` VALUES ('2317', '101290201', '大理');
INSERT INTO `mark_area` VALUES ('2318', '101290202', '云龙');
INSERT INTO `mark_area` VALUES ('2319', '101290203', '漾鼻');
INSERT INTO `mark_area` VALUES ('2320', '101290204', '永平');
INSERT INTO `mark_area` VALUES ('2321', '101290205', '宾川');
INSERT INTO `mark_area` VALUES ('2322', '101290206', '弥渡');
INSERT INTO `mark_area` VALUES ('2323', '101290207', '祥云');
INSERT INTO `mark_area` VALUES ('2324', '101290208', '魏山');
INSERT INTO `mark_area` VALUES ('2325', '101290209', '剑川');
INSERT INTO `mark_area` VALUES ('2326', '101290210', '洱源');
INSERT INTO `mark_area` VALUES ('2327', '101290211', '鹤庆');
INSERT INTO `mark_area` VALUES ('2328', '101290212', '南涧');
INSERT INTO `mark_area` VALUES ('2329', '101290301', '红河');
INSERT INTO `mark_area` VALUES ('2330', '101290302', '石屏');
INSERT INTO `mark_area` VALUES ('2331', '101290303', '建水');
INSERT INTO `mark_area` VALUES ('2332', '101290304', '弥勒');
INSERT INTO `mark_area` VALUES ('2333', '101290305', '元阳');
INSERT INTO `mark_area` VALUES ('2334', '101290306', '绿春');
INSERT INTO `mark_area` VALUES ('2335', '101290307', '开远');
INSERT INTO `mark_area` VALUES ('2336', '101290308', '个旧');
INSERT INTO `mark_area` VALUES ('2337', '101290309', '蒙自');
INSERT INTO `mark_area` VALUES ('2338', '101290310', '屏边');
INSERT INTO `mark_area` VALUES ('2339', '101290311', '泸西');
INSERT INTO `mark_area` VALUES ('2340', '101290312', '金平');
INSERT INTO `mark_area` VALUES ('2341', '101290401', '曲靖');
INSERT INTO `mark_area` VALUES ('2342', '101290402', '沾益');
INSERT INTO `mark_area` VALUES ('2343', '101290403', '陆良');
INSERT INTO `mark_area` VALUES ('2344', '101290404', '富源');
INSERT INTO `mark_area` VALUES ('2345', '101290405', '马龙');
INSERT INTO `mark_area` VALUES ('2346', '101290406', '师宗');
INSERT INTO `mark_area` VALUES ('2347', '101290407', '罗平');
INSERT INTO `mark_area` VALUES ('2348', '101290408', '会泽');
INSERT INTO `mark_area` VALUES ('2349', '101290409', '宣威');
INSERT INTO `mark_area` VALUES ('2350', '101290501', '保山');
INSERT INTO `mark_area` VALUES ('2351', '101290502', '富宁');
INSERT INTO `mark_area` VALUES ('2352', '101290503', '龙陵');
INSERT INTO `mark_area` VALUES ('2353', '101290504', '施甸');
INSERT INTO `mark_area` VALUES ('2354', '101290505', '昌宁');
INSERT INTO `mark_area` VALUES ('2355', '101290506', '腾冲');
INSERT INTO `mark_area` VALUES ('2356', '101290601', '文山');
INSERT INTO `mark_area` VALUES ('2357', '101290602', '西畴');
INSERT INTO `mark_area` VALUES ('2358', '101290603', '马关');
INSERT INTO `mark_area` VALUES ('2359', '101290604', '麻栗坡');
INSERT INTO `mark_area` VALUES ('2360', '101290605', '砚山');
INSERT INTO `mark_area` VALUES ('2361', '101290606', '邱北');
INSERT INTO `mark_area` VALUES ('2362', '101290607', '广南');
INSERT INTO `mark_area` VALUES ('2363', '101290701', '玉溪');
INSERT INTO `mark_area` VALUES ('2364', '101290702', '澄江');
INSERT INTO `mark_area` VALUES ('2365', '101290703', '江川');
INSERT INTO `mark_area` VALUES ('2366', '101290704', '通海');
INSERT INTO `mark_area` VALUES ('2367', '101290705', '华宁');
INSERT INTO `mark_area` VALUES ('2368', '101290706', '新平');
INSERT INTO `mark_area` VALUES ('2369', '101290707', '易门');
INSERT INTO `mark_area` VALUES ('2370', '101290708', '峨山');
INSERT INTO `mark_area` VALUES ('2371', '101290709', '元江');
INSERT INTO `mark_area` VALUES ('2372', '101290801', '楚雄');
INSERT INTO `mark_area` VALUES ('2373', '101290802', '大姚');
INSERT INTO `mark_area` VALUES ('2374', '101290803', '元谋');
INSERT INTO `mark_area` VALUES ('2375', '101290804', '姚安');
INSERT INTO `mark_area` VALUES ('2376', '101290805', '牟定');
INSERT INTO `mark_area` VALUES ('2377', '101290806', '南华');
INSERT INTO `mark_area` VALUES ('2378', '101290807', '武定');
INSERT INTO `mark_area` VALUES ('2379', '101290808', '禄丰');
INSERT INTO `mark_area` VALUES ('2380', '101290809', '双柏');
INSERT INTO `mark_area` VALUES ('2381', '101290810', '永仁');
INSERT INTO `mark_area` VALUES ('2382', '101290901', '普洱');
INSERT INTO `mark_area` VALUES ('2383', '101290902', '景谷');
INSERT INTO `mark_area` VALUES ('2384', '101290903', '景东');
INSERT INTO `mark_area` VALUES ('2385', '101290904', '澜沧');
INSERT INTO `mark_area` VALUES ('2386', '101290905', '普洱');
INSERT INTO `mark_area` VALUES ('2387', '101290906', '墨江');
INSERT INTO `mark_area` VALUES ('2388', '101290907', '江城');
INSERT INTO `mark_area` VALUES ('2389', '101290908', '孟连');
INSERT INTO `mark_area` VALUES ('2390', '101290909', '西盟');
INSERT INTO `mark_area` VALUES ('2391', '101290910', '镇源');
INSERT INTO `mark_area` VALUES ('2392', '101290911', '镇沅');
INSERT INTO `mark_area` VALUES ('2393', '101290912', '宁洱');
INSERT INTO `mark_area` VALUES ('2394', '101291001', '昭通');
INSERT INTO `mark_area` VALUES ('2395', '101291002', '鲁甸');
INSERT INTO `mark_area` VALUES ('2396', '101291003', '彝良');
INSERT INTO `mark_area` VALUES ('2397', '101291004', '镇雄');
INSERT INTO `mark_area` VALUES ('2398', '101291005', '威信');
INSERT INTO `mark_area` VALUES ('2399', '101291006', '巧家');
INSERT INTO `mark_area` VALUES ('2400', '101291007', '绥江');
INSERT INTO `mark_area` VALUES ('2401', '101291008', '永善');
INSERT INTO `mark_area` VALUES ('2402', '101291009', '盐津');
INSERT INTO `mark_area` VALUES ('2403', '101291010', '大关');
INSERT INTO `mark_area` VALUES ('2404', '101291101', '临沧');
INSERT INTO `mark_area` VALUES ('2405', '101291102', '沧源');
INSERT INTO `mark_area` VALUES ('2406', '101291103', '耿马');
INSERT INTO `mark_area` VALUES ('2407', '101291104', '双江');
INSERT INTO `mark_area` VALUES ('2408', '101291105', '凤庆');
INSERT INTO `mark_area` VALUES ('2409', '101291106', '永德');
INSERT INTO `mark_area` VALUES ('2410', '101291107', '云县');
INSERT INTO `mark_area` VALUES ('2411', '101291108', '镇康');
INSERT INTO `mark_area` VALUES ('2412', '101291201', '怒江');
INSERT INTO `mark_area` VALUES ('2413', '101291203', '福贡');
INSERT INTO `mark_area` VALUES ('2414', '101291204', '兰坪');
INSERT INTO `mark_area` VALUES ('2415', '101291205', '泸水');
INSERT INTO `mark_area` VALUES ('2416', '101291206', '六库');
INSERT INTO `mark_area` VALUES ('2417', '101291207', '贡山');
INSERT INTO `mark_area` VALUES ('2418', '101291301', '香格里拉');
INSERT INTO `mark_area` VALUES ('2419', '101291302', '德钦');
INSERT INTO `mark_area` VALUES ('2420', '101291303', '维西');
INSERT INTO `mark_area` VALUES ('2421', '101291304', '中甸');
INSERT INTO `mark_area` VALUES ('2422', '101291401', '丽江');
INSERT INTO `mark_area` VALUES ('2423', '101291402', '永胜');
INSERT INTO `mark_area` VALUES ('2424', '101291403', '华坪');
INSERT INTO `mark_area` VALUES ('2425', '101291404', '宁蒗');
INSERT INTO `mark_area` VALUES ('2426', '101291501', '德宏');
INSERT INTO `mark_area` VALUES ('2427', '101291502', '潞江坝');
INSERT INTO `mark_area` VALUES ('2428', '101291503', '陇川');
INSERT INTO `mark_area` VALUES ('2429', '101291504', '盈江');
INSERT INTO `mark_area` VALUES ('2430', '101291505', '畹町镇');
INSERT INTO `mark_area` VALUES ('2431', '101291506', '瑞丽');
INSERT INTO `mark_area` VALUES ('2432', '101291507', '梁河');
INSERT INTO `mark_area` VALUES ('2433', '101291508', '潞西');
INSERT INTO `mark_area` VALUES ('2434', '101291601', '景洪');
INSERT INTO `mark_area` VALUES ('2435', '101291602', '大勐龙');
INSERT INTO `mark_area` VALUES ('2436', '101291603', '勐海');
INSERT INTO `mark_area` VALUES ('2437', '101291604', '景洪电站');
INSERT INTO `mark_area` VALUES ('2438', '101291605', '勐腊');
INSERT INTO `mark_area` VALUES ('2439', '101300101', '南宁');
INSERT INTO `mark_area` VALUES ('2440', '101300102', '南宁城区');
INSERT INTO `mark_area` VALUES ('2441', '101300103', '邕宁');
INSERT INTO `mark_area` VALUES ('2442', '101300104', '横县');
INSERT INTO `mark_area` VALUES ('2443', '101300105', '隆安');
INSERT INTO `mark_area` VALUES ('2444', '101300106', '马山');
INSERT INTO `mark_area` VALUES ('2445', '101300107', '上林');
INSERT INTO `mark_area` VALUES ('2446', '101300108', '武鸣');
INSERT INTO `mark_area` VALUES ('2447', '101300109', '宾阳');
INSERT INTO `mark_area` VALUES ('2448', '101300110', '硕龙');
INSERT INTO `mark_area` VALUES ('2449', '101300201', '崇左');
INSERT INTO `mark_area` VALUES ('2450', '101300202', '天等');
INSERT INTO `mark_area` VALUES ('2451', '101300203', '龙州');
INSERT INTO `mark_area` VALUES ('2452', '101300204', '凭祥');
INSERT INTO `mark_area` VALUES ('2453', '101300205', '大新');
INSERT INTO `mark_area` VALUES ('2454', '101300206', '扶绥');
INSERT INTO `mark_area` VALUES ('2455', '101300207', '宁明');
INSERT INTO `mark_area` VALUES ('2456', '101300208', '海渊');
INSERT INTO `mark_area` VALUES ('2457', '101300301', '柳州');
INSERT INTO `mark_area` VALUES ('2458', '101300302', '柳城');
INSERT INTO `mark_area` VALUES ('2459', '101300303', '沙塘');
INSERT INTO `mark_area` VALUES ('2460', '101300304', '鹿寨');
INSERT INTO `mark_area` VALUES ('2461', '101300305', '柳江');
INSERT INTO `mark_area` VALUES ('2462', '101300306', '融安');
INSERT INTO `mark_area` VALUES ('2463', '101300307', '融水');
INSERT INTO `mark_area` VALUES ('2464', '101300308', '三江');
INSERT INTO `mark_area` VALUES ('2465', '101300401', '来宾');
INSERT INTO `mark_area` VALUES ('2466', '101300402', '忻城');
INSERT INTO `mark_area` VALUES ('2467', '101300403', '金秀');
INSERT INTO `mark_area` VALUES ('2468', '101300404', '象州');
INSERT INTO `mark_area` VALUES ('2469', '101300405', '武宣');
INSERT INTO `mark_area` VALUES ('2470', '101300501', '桂林');
INSERT INTO `mark_area` VALUES ('2471', '101300502', '桂林农试站');
INSERT INTO `mark_area` VALUES ('2472', '101300503', '龙胜');
INSERT INTO `mark_area` VALUES ('2473', '101300504', '永福');
INSERT INTO `mark_area` VALUES ('2474', '101300505', '临桂');
INSERT INTO `mark_area` VALUES ('2475', '101300506', '兴安');
INSERT INTO `mark_area` VALUES ('2476', '101300507', '灵川');
INSERT INTO `mark_area` VALUES ('2477', '101300508', '全州');
INSERT INTO `mark_area` VALUES ('2478', '101300509', '灌阳');
INSERT INTO `mark_area` VALUES ('2479', '101300510', '阳朔');
INSERT INTO `mark_area` VALUES ('2480', '101300511', '恭城');
INSERT INTO `mark_area` VALUES ('2481', '101300512', '平乐');
INSERT INTO `mark_area` VALUES ('2482', '101300513', '荔浦');
INSERT INTO `mark_area` VALUES ('2483', '101300514', '资源');
INSERT INTO `mark_area` VALUES ('2484', '101300601', '梧州');
INSERT INTO `mark_area` VALUES ('2485', '101300602', '藤县');
INSERT INTO `mark_area` VALUES ('2486', '101300603', '太平');
INSERT INTO `mark_area` VALUES ('2487', '101300604', '苍梧');
INSERT INTO `mark_area` VALUES ('2488', '101300605', '蒙山');
INSERT INTO `mark_area` VALUES ('2489', '101300606', '岑溪');
INSERT INTO `mark_area` VALUES ('2490', '101300701', '贺州');
INSERT INTO `mark_area` VALUES ('2491', '101300702', '昭平');
INSERT INTO `mark_area` VALUES ('2492', '101300703', '富川');
INSERT INTO `mark_area` VALUES ('2493', '101300704', '钟山');
INSERT INTO `mark_area` VALUES ('2494', '101300705', '信都');
INSERT INTO `mark_area` VALUES ('2495', '101300801', '贵港');
INSERT INTO `mark_area` VALUES ('2496', '101300802', '桂平');
INSERT INTO `mark_area` VALUES ('2497', '101300803', '平南');
INSERT INTO `mark_area` VALUES ('2498', '101300901', '玉林');
INSERT INTO `mark_area` VALUES ('2499', '101300902', '博白');
INSERT INTO `mark_area` VALUES ('2500', '101300903', '北流');
INSERT INTO `mark_area` VALUES ('2501', '101300904', '容县');
INSERT INTO `mark_area` VALUES ('2502', '101300905', '陆川');
INSERT INTO `mark_area` VALUES ('2503', '101301001', '百色');
INSERT INTO `mark_area` VALUES ('2504', '101301002', '那坡');
INSERT INTO `mark_area` VALUES ('2505', '101301003', '田阳');
INSERT INTO `mark_area` VALUES ('2506', '101301004', '德保');
INSERT INTO `mark_area` VALUES ('2507', '101301005', '靖西');
INSERT INTO `mark_area` VALUES ('2508', '101301006', '田东');
INSERT INTO `mark_area` VALUES ('2509', '101301007', '平果');
INSERT INTO `mark_area` VALUES ('2510', '101301008', '隆林');
INSERT INTO `mark_area` VALUES ('2511', '101301009', '西林');
INSERT INTO `mark_area` VALUES ('2512', '101301010', '乐业');
INSERT INTO `mark_area` VALUES ('2513', '101301011', '凌云');
INSERT INTO `mark_area` VALUES ('2514', '101301012', '田林');
INSERT INTO `mark_area` VALUES ('2515', '101301101', '钦州');
INSERT INTO `mark_area` VALUES ('2516', '101301102', '浦北');
INSERT INTO `mark_area` VALUES ('2517', '101301103', '灵山');
INSERT INTO `mark_area` VALUES ('2518', '101301201', '河池');
INSERT INTO `mark_area` VALUES ('2519', '101301202', '天峨');
INSERT INTO `mark_area` VALUES ('2520', '101301203', '东兰');
INSERT INTO `mark_area` VALUES ('2521', '101301204', '巴马');
INSERT INTO `mark_area` VALUES ('2522', '101301205', '环江');
INSERT INTO `mark_area` VALUES ('2523', '101301206', '罗城');
INSERT INTO `mark_area` VALUES ('2524', '101301207', '宜州');
INSERT INTO `mark_area` VALUES ('2525', '101301208', '凤山');
INSERT INTO `mark_area` VALUES ('2526', '101301209', '南丹');
INSERT INTO `mark_area` VALUES ('2527', '101301210', '都安');
INSERT INTO `mark_area` VALUES ('2528', '101301301', '北海');
INSERT INTO `mark_area` VALUES ('2529', '101301302', '合浦');
INSERT INTO `mark_area` VALUES ('2530', '101301303', '涠洲岛');
INSERT INTO `mark_area` VALUES ('2531', '101301401', '防城港');
INSERT INTO `mark_area` VALUES ('2532', '101301402', '上思');
INSERT INTO `mark_area` VALUES ('2533', '101301403', '东兴');
INSERT INTO `mark_area` VALUES ('2534', '101301404', '板栏');
INSERT INTO `mark_area` VALUES ('2535', '101301405', '防城');
INSERT INTO `mark_area` VALUES ('2536', '101310101', '海口');
INSERT INTO `mark_area` VALUES ('2537', '101310102', '琼山');
INSERT INTO `mark_area` VALUES ('2538', '101310201', '三亚');
INSERT INTO `mark_area` VALUES ('2539', '101310202', '东方');
INSERT INTO `mark_area` VALUES ('2540', '101310203', '临高');
INSERT INTO `mark_area` VALUES ('2541', '101310204', '澄迈');
INSERT INTO `mark_area` VALUES ('2542', '101310205', '儋州');
INSERT INTO `mark_area` VALUES ('2543', '101310206', '昌江');
INSERT INTO `mark_area` VALUES ('2544', '101310207', '白沙');
INSERT INTO `mark_area` VALUES ('2545', '101310208', '琼中');
INSERT INTO `mark_area` VALUES ('2546', '101310209', '定安');
INSERT INTO `mark_area` VALUES ('2547', '101310210', '屯昌');
INSERT INTO `mark_area` VALUES ('2548', '101310211', '琼海');
INSERT INTO `mark_area` VALUES ('2549', '101310212', '文昌');
INSERT INTO `mark_area` VALUES ('2550', '101310213', '清兰');
INSERT INTO `mark_area` VALUES ('2551', '101310214', '保亭');
INSERT INTO `mark_area` VALUES ('2552', '101310215', '万宁');
INSERT INTO `mark_area` VALUES ('2553', '101310216', '陵水');
INSERT INTO `mark_area` VALUES ('2554', '101310217', '西沙');
INSERT INTO `mark_area` VALUES ('2555', '101310218', '珊瑚岛');
INSERT INTO `mark_area` VALUES ('2556', '101310219', '永署礁');
INSERT INTO `mark_area` VALUES ('2557', '101310220', '南沙岛');
INSERT INTO `mark_area` VALUES ('2558', '101310221', '乐东');
INSERT INTO `mark_area` VALUES ('2559', '101310222', '五指山');
INSERT INTO `mark_area` VALUES ('2560', '101310223', '通什');
INSERT INTO `mark_area` VALUES ('2561', '101320101', '香港');
INSERT INTO `mark_area` VALUES ('2562', '101320102', '九龙');
INSERT INTO `mark_area` VALUES ('2563', '101320103', '新界');
INSERT INTO `mark_area` VALUES ('2564', '101320104', '中环');
INSERT INTO `mark_area` VALUES ('2565', '101320105', '铜锣湾');
INSERT INTO `mark_area` VALUES ('2566', '101330101', '澳门');
INSERT INTO `mark_area` VALUES ('2567', '101340101', '台北县');
INSERT INTO `mark_area` VALUES ('2568', '101340102', '台北市');
INSERT INTO `mark_area` VALUES ('2569', '101340201', '高雄');
INSERT INTO `mark_area` VALUES ('2570', '101340202', '东港');
INSERT INTO `mark_area` VALUES ('2571', '101340203', '大武');
INSERT INTO `mark_area` VALUES ('2572', '101340204', '恒春');
INSERT INTO `mark_area` VALUES ('2573', '101340205', '兰屿');
INSERT INTO `mark_area` VALUES ('2574', '101340301', '台南');
INSERT INTO `mark_area` VALUES ('2575', '101340401', '台中');
INSERT INTO `mark_area` VALUES ('2576', '101340501', '桃园');
INSERT INTO `mark_area` VALUES ('2577', '101340601', '新竹县');
INSERT INTO `mark_area` VALUES ('2578', '101340602', '新竹市');
INSERT INTO `mark_area` VALUES ('2579', '101340603', '公馆');
INSERT INTO `mark_area` VALUES ('2580', '101340701', '宜兰');
INSERT INTO `mark_area` VALUES ('2581', '101340801', '马公');
INSERT INTO `mark_area` VALUES ('2582', '101340802', '东吉屿');
INSERT INTO `mark_area` VALUES ('2583', '101340901', '嘉义');
INSERT INTO `mark_area` VALUES ('2584', '101340902', '阿里山');
INSERT INTO `mark_area` VALUES ('2585', '101340903', '玉山');
INSERT INTO `mark_area` VALUES ('2586', '101340904', '新港');

-- ----------------------------
-- Table structure for mark_favorites
-- ----------------------------
DROP TABLE IF EXISTS `mark_favorites`;
CREATE TABLE `mark_favorites` (
  `id` int(11) NOT NULL AUTO_INCREMENT,
  `user_id` int(11) DEFAULT NULL,
  `status` int(11) DEFAULT '1',
  `create_time` int(11) DEFAULT NULL,
  `name` varchar(255) DEFAULT NULL,
  `note` varchar(255) DEFAULT NULL,
  PRIMARY KEY (`id`)
) ENGINE=InnoDB AUTO_INCREMENT=22 DEFAULT CHARSET=utf8;

-- ----------------------------
-- Records of mark_favorites
-- ----------------------------
INSERT INTO `mark_favorites` VALUES ('2', '7', '1', '1393944633', 'PHP 5', null);
INSERT INTO `mark_favorites` VALUES ('6', '7', '1', '1394172991', 'C++', null);
INSERT INTO `mark_favorites` VALUES ('8', '7', '1', '1394174366', 'CSS3', null);
INSERT INTO `mark_favorites` VALUES ('9', '7', '1', '1394174382', 'javascript', null);
INSERT INTO `mark_favorites` VALUES ('16', '7', '1', '1394695372', '正则表达式', null);
INSERT INTO `mark_favorites` VALUES ('17', '7', '1', '1397485966', 'Java8', null);
INSERT INTO `mark_favorites` VALUES ('18', '7', '1', '1397485974', 'HTML', null);
INSERT INTO `mark_favorites` VALUES ('19', '7', '1', '1397485981', 'C', null);
INSERT INTO `mark_favorites` VALUES ('20', '7', '1', '1397485988', 'C#', null);
INSERT INTO `mark_favorites` VALUES ('21', '4', '1', '1397918583', 'C', null);

-- ----------------------------
-- Table structure for mark_tag
-- ----------------------------
DROP TABLE IF EXISTS `mark_tag`;
CREATE TABLE `mark_tag` (
  `id` int(11) NOT NULL AUTO_INCREMENT,
  `name` varchar(200) DEFAULT NULL,
  PRIMARY KEY (`id`)
) ENGINE=InnoDB AUTO_INCREMENT=89 DEFAULT CHARSET=utf8;

-- ----------------------------
-- Records of mark_tag
-- ----------------------------
INSERT INTO `mark_tag` VALUES ('1', 'android');
INSERT INTO `mark_tag` VALUES ('2', 'java');
INSERT INTO `mark_tag` VALUES ('3', 'jquery');
INSERT INTO `mark_tag` VALUES ('4', 'css');
INSERT INTO `mark_tag` VALUES ('5', '在线');
INSERT INTO `mark_tag` VALUES ('6', 'ruby');
INSERT INTO `mark_tag` VALUES ('7', 'search');
INSERT INTO `mark_tag` VALUES ('8', 'html5');
INSERT INTO `mark_tag` VALUES ('14', 'charset');
INSERT INTO `mark_tag` VALUES ('15', '正则表达式');
INSERT INTO `mark_tag` VALUES ('16', '截取');
INSERT INTO `mark_tag` VALUES ('17', '网页');
INSERT INTO `mark_tag` VALUES ('18', '编码');
INSERT INTO `mark_tag` VALUES ('19', 'nbu');
INSERT INTO `mark_tag` VALUES ('20', 'PHP');
INSERT INTO `mark_tag` VALUES ('21', 'php&nbsp;session生存时间设置_john_abc_新浪博客');
INSERT INTO `mark_tag` VALUES ('22', 'john_abc');
INSERT INTO `mark_tag` VALUES ('23', '杂谈');
INSERT INTO `mark_tag` VALUES ('24', 'test');
INSERT INTO `mark_tag` VALUES ('25', '3');
INSERT INTO `mark_tag` VALUES ('26', 'hj');
INSERT INTO `mark_tag` VALUES ('29', '特事特办');
INSERT INTO `mark_tag` VALUES ('31', '未分类');
INSERT INTO `mark_tag` VALUES ('32', 'alert(111);');
INSERT INTO `mark_tag` VALUES ('33', 'alert(111)');
INSERT INTO `mark_tag` VALUES ('34', 'alert(111');
INSERT INTO `mark_tag` VALUES ('35', 'test)');
INSERT INTO `mark_tag` VALUES ('36', 'test2)');
INSERT INTO `mark_tag` VALUES ('37', 'test3)');
INSERT INTO `mark_tag` VALUES ('38', 'test4)');
INSERT INTO `mark_tag` VALUES ('39', 'test5)');
INSERT INTO `mark_tag` VALUES ('40', '未分类2');
INSERT INTO `mark_tag` VALUES ('41', 'php session生存时间设置_john_abc_新浪博客');
INSERT INTO `mark_tag` VALUES ('49', '&gt;alert(111);&gt;');
INSERT INTO `mark_tag` VALUES ('50', '&gt;alert(111);&gt;');
INSERT INTO `mark_tag` VALUES ('51', 'charset2');
INSERT INTO `mark_tag` VALUES ('52', '33e');
INSERT INTO `mark_tag` VALUES ('53', '&gt;alert(111);&gt;');
INSERT INTO `mark_tag` VALUES ('54', '>alert(111);>');
INSERT INTO `mark_tag` VALUES ('55', 'Html');
INSERT INTO `mark_tag` VALUES ('56', '该工具主要针对程序开发人员');
INSERT INTO `mark_tag` VALUES ('57', '通过该工具可以快速准备的判断所写的正则是否能正确匹配相应的字符');
INSERT INTO `mark_tag` VALUES ('58', 'php中try{}catch{}');
INSERT INTO `mark_tag` VALUES ('59', 'xiaonei');
INSERT INTO `mark_tag` VALUES ('60', 'renren');
INSERT INTO `mark_tag` VALUES ('61', '校内');
INSERT INTO `mark_tag` VALUES ('62', '大学');
INSERT INTO `mark_tag` VALUES ('63', '同学');
INSERT INTO `mark_tag` VALUES ('64', '同事');
INSERT INTO `mark_tag` VALUES ('65', '白领');
INSERT INTO `mark_tag` VALUES ('66', '个人主页');
INSERT INTO `mark_tag` VALUES ('67', '博客');
INSERT INTO `mark_tag` VALUES ('68', '相册');
INSERT INTO `mark_tag` VALUES ('69', '群组');
INSERT INTO `mark_tag` VALUES ('70', '社区');
INSERT INTO `mark_tag` VALUES ('71', '交友');
INSERT INTO `mark_tag` VALUES ('72', '聊天');
INSERT INTO `mark_tag` VALUES ('73', '音乐');
INSERT INTO `mark_tag` VALUES ('74', '视频');
INSERT INTO `mark_tag` VALUES ('75', '校园');
INSERT INTO `mark_tag` VALUES ('76', '人人');
INSERT INTO `mark_tag` VALUES ('77', '人人网');
INSERT INTO `mark_tag` VALUES ('78', '');
INSERT INTO `mark_tag` VALUES ('79', '1');
INSERT INTO `mark_tag` VALUES ('80', '2');
INSERT INTO `mark_tag` VALUES ('81', '4');
INSERT INTO `mark_tag` VALUES ('82', '5');
INSERT INTO `mark_tag` VALUES ('83', '6');
INSERT INTO `mark_tag` VALUES ('84', '7');
INSERT INTO `mark_tag` VALUES ('85', '8');
INSERT INTO `mark_tag` VALUES ('86', '9');
INSERT INTO `mark_tag` VALUES ('87', '10');
INSERT INTO `mark_tag` VALUES ('88', '33');

-- ----------------------------
-- Table structure for mark_url
-- ----------------------------
DROP TABLE IF EXISTS `mark_url`;
CREATE TABLE `mark_url` (
  `id` int(11) NOT NULL AUTO_INCREMENT,
  `url` text,
  `title` varchar(200) DEFAULT NULL,
  `status` tinyint(4) DEFAULT '1',
  `user_id` int(11) DEFAULT '0',
  `createtime` int(11) DEFAULT NULL,
  `note` text,
  `favorites_id` int(4) DEFAULT '0',
  `is_like` tinyint(4) DEFAULT '0',
  `is_private` tinyint(4) DEFAULT '0',
  PRIMARY KEY (`id`)
) ENGINE=InnoDB AUTO_INCREMENT=139 DEFAULT CHARSET=utf8;

-- ----------------------------
-- Records of mark_url
-- ----------------------------
INSERT INTO `mark_url` VALUES ('1', 'http://blog.jobbole.com/54201/', 'php开发者应了解的24个库', '1', '4', '1391520178', '书签导入', '21', null, null);
INSERT INTO `mark_url` VALUES ('2', 'http://isux.tencent.com/learn-android-from-zero-session1.html', '前端之android入门(1) – 环境配置-腾讯isux – 社交用户体验设计 – better experience through design', '1', '4', '1391520178', '书签导入', '21', null, null);
INSERT INTO `mark_url` VALUES ('3', 'http://www.gbtags.com/gb/share/2576.htm', '10个超实用的jquery代码片段分享 极客标签', '1', '4', '1391520178', '书签导入', '21', null, null);
INSERT INTO `mark_url` VALUES ('4', 'http://hao.jobbole.com/online-python-tutor/', 'online python tutor：python 初学者的好帮手', '1', '4', '1391520178', '书签导入', '21', null, null);
INSERT INTO `mark_url` VALUES ('5', 'http://www.gbtags.com/gb/share/2604.htm', '2604.htm', '1', '4', '1391520178', '书签导入', '21', null, null);
INSERT INTO `mark_url` VALUES ('6', 'http://blog.jobbole.com/53573/', '15分钟学会使用git和远程代码库', '1', '4', '1391520178', '书签导入', '21', null, null);
INSERT INTO `mark_url` VALUES ('7', 'http://blog.jobbole.com/53376/', '编写你的第一个垃圾收集器', '1', '4', '1391520178', '书签导入', '21', null, null);
INSERT INTO `mark_url` VALUES ('8', 'http://www.gbtags.com/gb/share/2518.htm', '了解html5标准中的websockets 极客标签', '1', '4', '1391520178', '书签导入', '21', null, null);
INSERT INTO `mark_url` VALUES ('9', 'http://www.csdn.net/article/2013-11-18/2817533-10-best-html5-code-snippets-to-simplify-your-tasks', '分享10段实用的html5代码-csdn.net', '1', '4', '1391520178', '书签导入', '21', null, null);
INSERT INTO `mark_url` VALUES ('10', 'http://www.csdn.net/article/2013-11-01/2817365-useful-snippets-for-php-developers', '开发者必备，超实用的php代码片段！-csdn.net', '1', '4', '1391520178', '书签导入', '21', null, null);
INSERT INTO `mark_url` VALUES ('11', 'http://www.gbtags.com/gb/share/2268.htm', '绝对应当收藏的10个实用html5代码片段 极客标签', '1', '4', '1391520178', '书签导入', '21', null, null);
INSERT INTO `mark_url` VALUES ('12', 'http://bbs.csdn.net/topics/390435195', '390435195', '1', '4', '1391520178', '书签导入', '21', null, null);
INSERT INTO `mark_url` VALUES ('13', 'http://vk.com/yjgjtfyjfyjftyuf?z=albums30623792', 'lina merkalina', '1', '4', '1391520178', '书签导入', '21', null, null);
INSERT INTO `mark_url` VALUES ('14', 'http://blog.jobbole.com/50051/', 'sublime text 2 技巧：导航/命令面板/多重选择', '1', '4', '1391520178', '书签导入', '21', null, null);
INSERT INTO `mark_url` VALUES ('15', 'http://www.baidu.com/s?wd=%5b%a5%e1%a5%ea%a9%60%a5%b8%a5%a7%a9%60%a5%f3%5d+%c3%c3%a4%d1%a4%e9%a4%c0%a4%a4%a4%b9%a3%a12+%cf%c2%8e%86+%b6%c0%a4%ea%d5%bc%a4%e1%a1%a2%a5%f4%a5%a1%a9%60%a5%b8%a5%f3%a4%d6%a4%ec%a4%a4%a4%af', '[メリージェーン] 妹ぱらだいす!2 下巻 独り占め、ヴァージンぶれいく', '1', '4', '1391520178', '书签导入', '21', null, null);
INSERT INTO `mark_url` VALUES ('16', 'http://www.forehack.com/3d-css-cube/', '详解用css绘制3d旋转立方体', '1', '4', '1391520178', '书签导入', '21', null, null);
INSERT INTO `mark_url` VALUES ('17', 'http://tangram.baidu.com/', 'tangram', '1', '4', '1391520178', '书签导入', '21', null, null);
INSERT INTO `mark_url` VALUES ('18', 'http://www.baidu.com/s?wd=decodeuri', 'decodeuri', '1', '4', '1391520178', '书签导入', '21', null, null);
INSERT INTO `mark_url` VALUES ('19', 'http://www.owe-love.com/myspace/?action=show&amp;id=100', 'php soap 调用webservice 已测试成功  - php,soap,webservice,shf321,学会做人，学会做事！', '1', '4', '1391520178', '书签导入', '21', null, null);
INSERT INTO `mark_url` VALUES ('20', 'http://blog.sina.com.cn/s/blog_582246d20100dhh6.html', '终于解决了php调用soap过程中的种种问题。', '1', '4', '1391520178', '书签导入', '21', null, null);
INSERT INTO `mark_url` VALUES ('21', 'https://www.google.com/webdesigner/', 'google web designer', '1', '4', '1391520178', '书签导入', '21', null, null);
INSERT INTO `mark_url` VALUES ('22', 'http://www.mb5u.com/jscode/45854/', '模板无忧www.mb5u.com', '1', '4', '1391520178', '书签导入', '0', null, null);
INSERT INTO `mark_url` VALUES ('23', 'http://www.cnblogs.com/faron/articles/874388.html', 'js添加、修改、删除xml节点例子', '1', '4', '1391520178', '书签导入', '21', null, null);
INSERT INTO `mark_url` VALUES ('24', 'http://bbs.csdn.net/topics/390577446', '390577446', '1', '4', '1391520178', '书签导入', '21', null, null);
INSERT INTO `mark_url` VALUES ('25', 'http://liyandong.duapp.com/?m=study', '?m=study', '1', '4', '1391520178', '书签导入', '21', null, null);
INSERT INTO `mark_url` VALUES ('26', 'http://blog.sina.com.cn/s/blog_711afaa90100ucd9.html', 'php 正则表达式 抓取网页内容', '1', '4', '1391520178', '书签导入', '21', null, null);
INSERT INTO `mark_url` VALUES ('27', 'http://www.csdn.net/article/2013-08-28/2816732-60-free-resources-you-really-must-try', '60个开发者不容错过的免费资源库-csdn.net', '1', '4', '1391520178', '书签导入', '21', null, null);
INSERT INTO `mark_url` VALUES ('28', 'http://www.cnblogs.com/wzh2010/archive/2012/05/21/2511130.html', 'html5项目笔记4：使用audio api设计绚丽的html5音乐播放器', '1', '4', '1391520178', '书签导入', '21', null, null);
INSERT INTO `mark_url` VALUES ('29', 'http://g.kehou.com/t1029846752.html', '开源免费天气预报接口api以及全国所有地区代码！！（国家气象局提供）', '1', '4', '1391520178', '书签导入', '21', null, null);
INSERT INTO `mark_url` VALUES ('30', 'http://blog.csdn.net/hguisu/article/details/7448528', 'guisu，程序人生。', '1', '4', '1391520178', '书签导入', '21', null, null);
INSERT INTO `mark_url` VALUES ('31', 'http://www.php100.com/html/webkaifa/html5/2012/0404/10191.html', '10 个基于 web 的 html5 音乐播放器', '1', '4', '1391520178', '书签导入', '21', null, null);
INSERT INTO `mark_url` VALUES ('32', 'http://www.csdn.net/article/2013-08-26/2816691-html5-development-tools', '简化工作流程，10款必备的html5开发工具-csdn.net', '1', '4', '1391520178', '书签导入', '21', null, null);
INSERT INTO `mark_url` VALUES ('33', 'http://www.csdn.net/article/2013-08-20/2816643-word2vec', '[开源推荐]google开源基于deep learning的word2vec工具-csdn.net', '1', '4', '1391520178', '书签导入', '21', null, null);
INSERT INTO `mark_url` VALUES ('34', 'http://www.shejidaren.com/jquery-drag-and-drop-plugins.html', '11个好用的jquery拖拽拖放插件', '1', '4', '1391520178', '书签导入', '21', null, null);
INSERT INTO `mark_url` VALUES ('35', 'http://developer.51cto.com/art/201103/250511.htm', 'jquery拖动布局实现排序结果同步数据库', '1', '4', '1391520178', '书签导入', '21', null, null);
INSERT INTO `mark_url` VALUES ('36', 'http://www.blogguy.cn/show-723-1.html', 'func,php,wayswang,博客小子,blogguy', '1', '4', '1391520178', '书签导入', '21', null, null);
INSERT INTO `mark_url` VALUES ('37', 'http://www.csdn.net/article/2013-08-07/2816477-6-source-code-search-engines-you-can-use-for-programming-projects', '开发者必备的6款源码搜索引擎-csdn.net', '1', '4', '1391520178', '书签导入', '21', null, null);
INSERT INTO `mark_url` VALUES ('38', 'http://huuuxi.iteye.com/blog/816574', 'ssh全注解-annotation详细配置.', '1', '4', '1391520178', '书签导入', '21', null, null);
INSERT INTO `mark_url` VALUES ('39', 'http://yuwenlin.iteye.com/blog/1883492', 'ssh开发环境详细搭建(配置文件)', '1', '4', '1391520178', '书签导入', '21', null, null);
INSERT INTO `mark_url` VALUES ('40', 'http://www.360doc.com/content/11/0703/18/2617151_131268343.shtml', 'ssh实现的增删改查实例', '1', '4', '1391520178', '书签导入', '21', null, null);
INSERT INTO `mark_url` VALUES ('41', 'http://songjianyong.iteye.com/blog/1497588', 'php 获取客户端的真实ip', '1', '4', '1391520178', '书签导入', '0', '0', null);
INSERT INTO `mark_url` VALUES ('42', 'http://www.cnblogs.com/younes/archive/2011/12/21/2295759.html', '用myeclipse搭建ssh框架 struts spring hibernate', '1', '4', '1391520178', '书签导入', '0', null, null);
INSERT INTO `mark_url` VALUES ('43', 'http://wenku.baidu.com/view/14e0a48ecc22bcd126ff0c0e', 'myeclipse搭建ssh环境以及实例(图文教程)', '1', '4', '1391520178', '书签导入', '0', null, null);
INSERT INTO `mark_url` VALUES ('44', 'http://wenku.baidu.com/view/887df6dece2f0066f5332283.html', 'myeclipse整合ssh步骤(基于操作和配置文件)', '1', '4', '1391520178', '书签导入', '0', null, null);
INSERT INTO `mark_url` VALUES ('45', 'http://blog.csdn.net/jessielee_yoyo/article/details/4871901', '4871901', '1', '4', '1391520178', '书签导入', '0', null, null);
INSERT INTO `mark_url` VALUES ('46', 'http://wuqishi.com/zend-studio-10/', 'zend-studio-10', '1', '4', '1391520178', '书签导入', '0', null, null);
INSERT INTO `mark_url` VALUES ('47', 'http://www.csdn.net/article/2013-07-16/2816238-15-jquery-code-snippets-for-developers', '可以直接拿来用的15个jquery代码片段-csdn.net', '1', '4', '1391520178', '书签导入', '0', null, null);
INSERT INTO `mark_url` VALUES ('48', 'http://www.csdn.net/article/2013-07-23/2816316-10-php-snippets-for-developers', '直接拿来用，10个php代码片段-csdn.net', '1', '4', '1391520178', '书签导入', '0', null, null);
INSERT INTO `mark_url` VALUES ('49', 'http://www.csdn.net/article/2013-07-22/2816301', '推荐给开发者的20款响应式jquery插件-csdn.net', '1', '4', '1391520178', '书签导入', '0', null, null);
INSERT INTO `mark_url` VALUES ('50', 'http://www.html5cn.org/article-5340-1.html', '分享10个超实用的jquery代码片段', '1', '4', '1391520178', '书签导入', '0', null, null);
INSERT INTO `mark_url` VALUES ('51', 'http://blog.imbolo.com/dynamic-image-resize-via-jquery-javascript/', '动态调整图片尺寸bolo的博客', '1', '4', '1391520178', '书签导入', '0', null, null);
INSERT INTO `mark_url` VALUES ('52', 'http://www.jb51.net/article/7584.htm', '可定制的php缩略图生成程式(需要gd库支持)', '1', '4', '1391520178', '书签导入', '0', null, null);
INSERT INTO `mark_url` VALUES ('53', 'http://blog.csdn.net/yyzsyx/article/details/6039869', 'qt 简介－－qt 类简介专题（一）', '1', '4', '1391520178', '书签导入', '0', null, null);
INSERT INTO `mark_url` VALUES ('54', 'http://blog.csdn.net/orbit/article/details/9210413', '算法系列之二十：计算中国农历（一）', '1', '4', '1391520178', '书签导入', '0', null, null);
INSERT INTO `mark_url` VALUES ('55', 'http://qt.digia.com/china/qt-developer-day-china-2013/sessions/', 'digia plc', '1', '4', '1391520178', '书签导入', '0', null, null);
INSERT INTO `mark_url` VALUES ('56', 'http://www.cnblogs.com/58top/archive/2012/12/17/10-useful-widgets-for-developers-designers.html', '分享开发人员和设计人员10个有用的小工具', '1', '4', '1391520178', '书签导入', '0', null, null);
INSERT INTO `mark_url` VALUES ('57', 'http://blog.csdn.net/column/details/android123.html?page=3', '专栏：从零开始学android', '1', '4', '1391520178', '书签导入', '0', null, null);
INSERT INTO `mark_url` VALUES ('58', 'http://www.csdn.net/article/2013-07-01/2816068-best-javascript-libraries-and-tools', '超棒的30款js类库和工具-csdn.net', '1', '4', '1391520178', '书签导入', '0', null, null);
INSERT INTO `mark_url` VALUES ('59', 'http://fenby.com/learn/courseexercises/21', '对象的行为和方法 : 使用java函数库', '1', '4', '1391520178', '书签导入', '0', null, null);
INSERT INTO `mark_url` VALUES ('60', 'http://hi.baidu.com/hisuperadmin', '程序员小刚', '1', '4', '1391520178', '书签导入', '0', null, null);
INSERT INTO `mark_url` VALUES ('61', 'http://blog.csdn.net/knight_zhangyl/article/details/8499917', '8499917', '1', '4', '1391520178', '书签导入', '0', null, null);
INSERT INTO `mark_url` VALUES ('62', 'http://www.youku.com/playlist_show/id_18600474_ascending_1_mode_pic_page_1.html', '传智播客 毕向东 java', '1', '4', '1391520178', '书签导入', '0', null, null);
INSERT INTO `mark_url` VALUES ('63', 'http://ux.sohu.com/topics/50972d9ae7de3e752e0081ff#', 'nutux', '1', '4', '1391520178', '书签导入', '0', null, null);
INSERT INTO `mark_url` VALUES ('64', 'http://www.mobify.com/blog/70-stunning-responsive-sites-for-your-inspiration/', '70 stunning responsive sites for your inspiration', '1', '4', '1391520178', '书签导入', '0', null, null);
INSERT INTO `mark_url` VALUES ('65', 'http://inspiretrends.com/effective-website-navigation-designs/', 'effective-website-navigation-designs', '1', '4', '1391520178', '书签导入', '0', null, null);
INSERT INTO `mark_url` VALUES ('66', 'http://www.csdn.net/article/2013-05-29/2815470-css-snippets-for-designers', 'web开发者的福利 30段超实用css代码-csdn.net', '1', '4', '1391520178', '书签导入', '0', null, null);
INSERT INTO `mark_url` VALUES ('67', 'http://www.csdn.net/article/2013-05-24/2815422-20-useful-css-snippets-every-designer-should-have/1', 'web开发者不容错过的20段css代码-csdn.net', '1', '4', '1391520178', '书签导入', '0', null, null);
INSERT INTO `mark_url` VALUES ('68', 'http://smti.tumblr.com/', 'smti.tumblr.com', '1', '4', '1391520178', '书签导入', '0', null, null);
INSERT INTO `mark_url` VALUES ('69', 'http://edu.csdn.net/main/javavideo.shtml', 'android培训-不花1分钱即可入学！不4k就业不给1分学费！黑马程序员java培训、android培训平均就业薪水7k+', '1', '4', '1391520178', '书签导入', '0', null, null);
INSERT INTO `mark_url` VALUES ('70', 'http://ju.outofmemory.cn/entry/22712', '[老法新用]使用padding-top:(percentage)实现响应式背景图片', '1', '4', '1391520178', '书签导入', '0', null, null);
INSERT INTO `mark_url` VALUES ('71', 'http://cnbeta.com/articles/236638.htm', '在整个互联网中 成人网站有多大？_通信技术_cnbeta.com', '1', '4', '1391520178', '书签导入', '0', null, null);
INSERT INTO `mark_url` VALUES ('72', 'http://download.csdn.net/detail/tiger86521/5300336', '1000个常用网页小图标 - 下载频道 - csdn.net', '1', '4', '1391520178', '书签导入', '0', null, null);
INSERT INTO `mark_url` VALUES ('73', 'http://www.baidu.com/s?wd=skin+to+the+max&amp;rsv_spt=1&amp;issp=1&amp;rsv_bp=0&amp;ie=utf-8&amp;tn=baiduhome_pg&amp;rsv_n=2&amp;rsv_sug3=1&amp;rsv_sug=0&amp;rsv_sug1=1&amp;rsv_sug4=26&amp;inputt=763', 'skin to the max_百度搜索', '1', '4', '1391520178', '书签导入', '0', null, null);
INSERT INTO `mark_url` VALUES ('74', 'http://cnbeta.com/articles/235064.htm', '2013年google夏季编程计划开始报名_google / 谷歌_cnbeta.com', '1', '4', '1391520178', '书签导入', '0', null, null);
INSERT INTO `mark_url` VALUES ('75', 'http://cnbeta.com/articles/234877.htm', '微软发布kb2839011补丁 替换导致win7无限重启的kb2840149_windows 7_cnbeta.com', '1', '4', '1391520178', '书签导入', '0', null, null);
INSERT INTO `mark_url` VALUES ('76', 'http://cloudbbs.org/forum.php?mod=viewthread&amp;tid=14033', '码农如何快速打造一个有设计感的网站 - 技术讨论 - 云计算开发者社区 - powered by discuz!', '1', '4', '1391520178', '书签导入', '0', null, null);
INSERT INTO `mark_url` VALUES ('77', 'http://www.bootcss.com/', 'bootstrap中文网', '1', '4', '1391520178', '书签导入', '0', null, null);
INSERT INTO `mark_url` VALUES ('78', 'http://oosaka8kurodo.blog46.fc2.com/blog-entry-1214.html', 'ガンダムseed　フレイ　エロ画像　５回目', '1', '4', '1391520178', '书签导入', '0', null, null);
INSERT INTO `mark_url` VALUES ('79', 'http://akaimato.blog.fc2.com/blog-entry-29.html', 'あかいまとのまと  何気に一周年', '1', '4', '1391520178', '书签导入', '0', null, null);
INSERT INTO `mark_url` VALUES ('80', 'http://www.iteye.com/news/26040', '20个web响应式设计必备的jquery插件', '1', '4', '1391520178', '书签导入', '0', null, null);
INSERT INTO `mark_url` VALUES ('81', 'http://www.iteye.com/news/27598', '11个新鲜出炉的jquery图像滑块插件', '1', '4', '1391520178', '书签导入', '0', null, null);
INSERT INTO `mark_url` VALUES ('82', 'http://www.axure.org/start.html', 'axure介绍 axure中文社区 axure rp 6.5,下载,汉化,教程,视频,组件,培训,案例,产品经理,交互设计,企业内训,原型设计', '1', '4', '1391520178', '书签导入', '0', null, null);
INSERT INTO `mark_url` VALUES ('83', 'http://www.csdn.net/article/2013-04-17/2814939-wireframing-prototyping-tools', '十大界面原型与布局工具-csdn.net', '1', '4', '1391520178', '书签导入', '0', null, null);
INSERT INTO `mark_url` VALUES ('84', 'http://www.iteye.com/news/27580', 'emmet：html/css代码快速编写神器 - web前端 - iteye资讯', '1', '4', '1391520178', '书签导入', '0', null, null);
INSERT INTO `mark_url` VALUES ('85', 'http://www.modern.ie/zh-cn/', '主页 | internet explorer 中的测试变得更加轻松 | modern.ie', '1', '4', '1391520178', '书签导入', '0', null, null);
INSERT INTO `mark_url` VALUES ('86', 'http://v.youku.com/v_show/id_xntizmza0njg4.html', '不同游戏版本的爱情观—在线播放—优酷网，视频高清在线观看', '1', '4', '1391520178', '书签导入', '0', null, null);
INSERT INTO `mark_url` VALUES ('87', 'http://www.zhaojian.net/?s=php%e5%b8%b8%e8%a7%81%e9%97%ae%e9%a2%98%e5%92%8c%e8%a7%a3%e5%86%b3%e6%96%b9%e6%b3%95', 'php常见问题和解决方法', '1', '4', '1391520178', '书签导入', '0', null, null);
INSERT INTO `mark_url` VALUES ('88', 'http://beforweb.com/node/23', 'foundation框架 - 快速创建跨平台的网站页面原型 | be for web - 为网而生', '1', '4', '1391520178', '书签导入', '0', null, null);
INSERT INTO `mark_url` VALUES ('89', 'http://dribbble.com/', 'dribbble', '1', '4', '1391520178', '书签导入', '0', null, null);
INSERT INTO `mark_url` VALUES ('90', 'http://www.csdn.net/article/2013-04-02/2814743-9-valuable-css-tricks-for-responsive-design', '用于响应式设计的9个css技巧-csdn.net', '1', '4', '1391520178', '书签导入', '0', null, null);
INSERT INTO `mark_url` VALUES ('91', 'http://www.csdn.net/article/2013-01-02/2813378-web-tool', '2012年度最佳web前端开发工具和框架-csdn.net', '1', '4', '1391520178', '书签导入', '0', null, null);
INSERT INTO `mark_url` VALUES ('92', 'http://weibojs.com/', '新浪微博jssdk官方网站', '1', '4', '1391520178', '书签导入', '0', null, null);
INSERT INTO `mark_url` VALUES ('93', 'http://acg.78dm.net/ct/2540.html', 'nendoroid系列玩具', '1', '4', '1391520178', '书签导入', '0', null, null);
INSERT INTO `mark_url` VALUES ('94', 'http://fate-extra-ccc.jp/saber/index.html', '「フェイト／エクストラ ccc」公式サイト', '1', '4', '1391520178', '书签导入', '0', null, null);
INSERT INTO `mark_url` VALUES ('95', 'http://alloyteam.github.com/alloyphoto/', 'alloyimage', '1', '4', '1391520178', '书签导入', '0', null, null);
INSERT INTO `mark_url` VALUES ('96', 'http://rghost.net/44736831', '9364.0.fbl_partner_out13.130315-2105_x86fre_client_en-us-imp_ccsa_dv5.iso.torrent — rghost — file sharing', '1', '4', '1391520178', '书签导入', '0', null, null);
INSERT INTO `mark_url` VALUES ('97', 'http://x-art.com/', 'x-art.com ~ beautiful erotica.', '1', '4', '1391520178', '书签导入', '0', null, null);
INSERT INTO `mark_url` VALUES ('98', 'http://www.imdb.com/', 'imdb - movies, tv and celebrities', '1', '4', '1391520178', '书签导入', '0', null, null);
INSERT INTO `mark_url` VALUES ('99', 'http://u.115.com/file/f8b51650e8', 'nos-cecilia_valdes-ballet_nacional_de_cuba.rar网盘下载', '1', '4', '1391520178', '书签导入', '0', null, null);
INSERT INTO `mark_url` VALUES ('100', 'http://www.baidu.com/s?wd=%e6%80%92%e7%81%ab%e6%94%bb%e5%bf%83&amp;rsv_spt=1&amp;issp=1&amp;rsv_bp=0&amp;ie=utf-8&amp;tn=baiduhome_pg&amp;rsv_n=2&amp;rsv_sug3=1&amp;rsv_sug=0&amp;rsv_sug1=1&amp;rsv_sug4=23&amp;inputt=1075', '百度搜索_怒火攻心', '1', '4', '1391520178', '书签导入', '0', null, null);
INSERT INTO `mark_url` VALUES ('101', 'http://www.code.org/', 'code.org | anybody can learn', '1', '4', '1391520178', '书签导入', '0', null, null);
INSERT INTO `mark_url` VALUES ('102', 'http://code.google.com/p/zopfli/', 'zopfli - zopfli compression algorithm - google project hosting', '1', '4', '1391520178', '书签导入', '0', null, null);
INSERT INTO `mark_url` VALUES ('103', 'http://java.itcast.cn/news/97682098/c17e/4f15/8c2e/44c97c9c5df4.shtml', '30天轻松掌握javaweb视频-传智播客java培训', '1', '4', '1391520178', '书签导入', '0', null, null);
INSERT INTO `mark_url` VALUES ('104', 'http://java.itcast.cn/news/e393b086/ebce/4f94/9d48/94ed86bcf5ef.shtml', '历经5年锤炼（史上最适合初学者入门的java基础视频）-传智播客java培训', '1', '4', '1391520178', '书签导入', '0', null, null);
INSERT INTO `mark_url` VALUES ('105', 'http://css.doyoe.com/', 'css参考手册v4.0.1_web前端开发参考手册系列', '1', '4', '1391520178', '书签导入', '0', null, null);
INSERT INTO `mark_url` VALUES ('106', 'http://www.websjy.com/club/websjy_index/32/', '50个css超炫丽button样式代码下载 -www.websjy.com', '1', '4', '1391520178', '书签导入', '0', null, null);
INSERT INTO `mark_url` VALUES ('107', 'http://edyfox.codecarver.org/html/index.html', '滇狐的个人主页', '1', '4', '1391520178', '书签导入', '0', null, null);
INSERT INTO `mark_url` VALUES ('108', 'http://www.36ria.com/', 'ria之家–ria三部曲：jquery、ext、flex', '1', '4', '1391520178', '书签导入', '0', null, null);
INSERT INTO `mark_url` VALUES ('109', 'http://developer.51cto.com/art/200509/3940.htm', '专题：python实用开发指南_51cto.com - 技术成就梦想 - 中国领先的it技术网站', '1', '4', '1391520178', '书签导入', '0', null, null);
INSERT INTO `mark_url` VALUES ('110', 'http://railscasts.com/?type=free', 'ruby on rails screencasts - railscasts', '1', '4', '1391520178', '书签导入', '0', null, null);
INSERT INTO `mark_url` VALUES ('111', 'http://www.ziyuanhai.com/', '资源海 - 资源搜索引擎', '1', '4', '1391520178', '书签导入', '0', null, null);
INSERT INTO `mark_url` VALUES ('112', 'http://jqueryfordesigners.com/tag/easy/', 'easy | jquery for designers - tutorials and screencasts', '1', '4', '1391520178', '书签导入', '0', null, null);
INSERT INTO `mark_url` VALUES ('113', 'http://fins.iteye.com/category/7347', 'fins的博客 - web前端分类文章列表 - iteye技术网站', '1', '4', '1391520178', '书签导入', '0', null, null);
INSERT INTO `mark_url` VALUES ('114', 'http://www.hotavxxx.com/category/jav-uncensored/page/5', 'jav uncensored 無碼 | hotavxxx.com - part 5', '1', '4', '1391520178', '书签导入', '0', null, null);
INSERT INTO `mark_url` VALUES ('115', 'http://tutorialzine.com/2011/06/beautiful-portfolio-html5-jquery/', 'making a beautiful html5 portfolio | tutorialzine', '1', '4', '1391520178', '书签导入', '0', null, null);
INSERT INTO `mark_url` VALUES ('116', 'http://www.mhtml5.com/2011/10/3249.html', '分享25个优秀的 html5 开发教程_html5研究小组_html5教程_html5资源_html5游戏', '1', '4', '1391520178', '书签导入', '0', null, null);
INSERT INTO `mark_url` VALUES ('117', 'http://www.mhtml5.com/application/littlepig', '小猪斗恶狼_html5研究小组_html5教程_html5资源_html5游戏', '1', '4', '1391520178', '书签导入', '0', null, null);
INSERT INTO `mark_url` VALUES ('122', 'http://blog.csdn.net/shrimpma/article/details/7586660', 'php数组使用json_encode函数中文被编码成null的原因和解决办法 - shrimpma的专栏        - 博客频道 - CSDN.NET', '1', '7', '1388592000', 'json格式在开发中用的十分广泛。在php中json_encode函数可以直接将数组转成 json格式，十分方便。但是有可能你在使用json_encode函数时，无奈的发现中文被编码成null了。原来json只支持转义utf-8编码格式的中文。php数组使用json_encode函数中文被编码成null的原因是转义gbk 或者别的编码时，中文被忽略了。一般出现在文档编码或者输出的内容编码是非UTF-8时，也就是说，GBK或者GB2312的中文，就会出现编码失败的现象。XXXS', '2', '1', '0');
INSERT INTO `mark_url` VALUES ('123', 'http://blog.csdn.net/default7/article/details/6796208', 'PHP 正则表达式 获取网页charset 编码 ，可以获取任意网页charset（代码备份） - default7        - 博客频道 - CSDN.NET', '1', '7', '1393254679', '111sssssA', '2', '1', '0');
INSERT INTO `mark_url` VALUES ('124', 'http://www.baidu.com/s?wd=%E6%AD%A3%E5%88%99%E8%A1%A8%E8%BE%BE%E5%BC%8F+%E7%BD%91%E9%A1%B5%E7%BC%96%E7%A0%81&rsv_spt=1&issp=1&rsv_bp=0&ie=utf-8&tn=baiduhome_pg&rsv_sug3=37&rsv_sug4=8412&rsv_sug1=27&oq=zheng&rsp=0&rsv_sug2=1&rsv_sug5=0&inputT=13385&sug=%E6%AD%A3%E5%88%99%E8%A1%A8%E8%BE%BE%E5%BC%8F&rsv_n=1&rsv_sug=0', '正则表达式 网页编码_百度搜索', '1', '7', '1385913600', 'xxx', '16', '1', '0');
INSERT INTO `mark_url` VALUES ('126', 'http://zhidao.baidu.com/link?url=RO_-_9nxZCAWeP15yE0ZZE0pmTkMSS0YZbIP49H0nefy90c1gbbNSRMUE6BqEZzIyiUoUWPDl6JrNHPgIENi5a', '求截取网页中的charset编码的正则表达式_百度知道', '1', '7', '1393257474', 'ssd书签导入书签导入书签导入书签导入书签导入书签导入书签导入书签导入书签导入书签导入书签导入书签导入书签导入书签导入书签导入书签导入书签导入书签导入书签导入书签导入书签导入书签导入书签导入书签导入书签导入书签导入书签导入书签导入', '0', '1', null);
INSERT INTO `mark_url` VALUES ('127', 'http://www.doc88.com/p-30597272889.html', 'NBU OpsCenter管理指南 - 信息安全 - 道客巴巴', '1', '7', '1394090240', 'CCC', '10', '0', null);
INSERT INTO `mark_url` VALUES ('128', 'http://bbs.csdn.net/topics/390723713', '关于引用脚本，生成html代码，会在本地保存后出现两份-CSDN论坛-CSDN.NET-中国最大的IT技术社区', '1', '7', '1394090345', 'ssd书签导入书签导入书签导入书签导入书签导入书签导入书签导入书签导入书签导入书签导入书签导入书签导入书签导入书签导入书签导入书签导入书签导入书签导入书签导入书签导入书签导入书签导入书签导入书签导入书签导入书签导入书签导入书签导入', '7', '0', null);
INSERT INTO `mark_url` VALUES ('129', 'http://blog.sina.com.cn/s/blog_8a18c33d01011odf.html', 'PHP&nbsp;SESSION生存时间设置_John_ABC_新浪博客', '1', '7', '1396423506', '你好像很懒，什么都没留下。。。X', '0', '0', null);
INSERT INTO `mark_url` VALUES ('130', 'http://tool.chinaz.com/regex/', '正则表达式在线测试 - 站长工具', '1', '7', '1396538269', 'xxx', '0', '0', '0');
INSERT INTO `mark_url` VALUES ('131', 'http://developer.51cto.com/art/200912/166409.htm', 'PHP中try{}catch{}的具体用法详解 - 51CTO.COM', '1', '7', '1397830799', '飒飒', '0', '0', '0');
INSERT INTO `mark_url` VALUES ('132', 'http://api.jquery.com/jQuery.ajax/', 'jQuery.ajax() | jQuery API Documentation', '1', '7', '1397832939', '', '0', '0', '0');
INSERT INTO `mark_url` VALUES ('133', 'http://www.renren.com', '人人网 中国领先的实名制SNS社交网络。加入人人网，找到老同学，结识新朋友。', '1', '7', '1397833742', '人人', '0', '1', '0');
INSERT INTO `mark_url` VALUES ('134', 'http://www.csdn.net/', 'CSDN.NET - 全球最大中文IT社区，为IT专业技术人员提供最全面的信息传播和服务平台', '1', '7', '1397833781', '', '0', '0', '0');
INSERT INTO `mark_url` VALUES ('135', 'http://bbs.csdn.net/', 'CSDN论坛首页 - CSDN.NET', '1', '7', '1397834237', '', '0', '0', '0');
INSERT INTO `mark_url` VALUES ('136', 'http://www.baidu.com/', '百度一下，你就知道', '1', '7', '1397834342', '', '0', '0', '0');
INSERT INTO `mark_url` VALUES ('137', 'http://www.cnblogs.com/acpp/archive/2011/06/10/2077592.html', '彻底理解PHP的SESSION机制 - 诗小蓝 - 博客园', '1', '7', '1398003146', '', '0', '0', '0');
INSERT INTO `mark_url` VALUES ('138', 'http://stackoverflow.com/questions/1179638/php-class-not-found', 'PHP class not found - Stack Overflow', '1', '7', '1398177785', '', '0', '0', '0');

-- ----------------------------
-- Table structure for mark_url_tag
-- ----------------------------
DROP TABLE IF EXISTS `mark_url_tag`;
CREATE TABLE `mark_url_tag` (
  `id` int(11) NOT NULL AUTO_INCREMENT,
  `url_id` int(11) DEFAULT NULL,
  `tag_id` int(11) DEFAULT NULL,
  PRIMARY KEY (`id`)
) ENGINE=InnoDB AUTO_INCREMENT=183 DEFAULT CHARSET=utf8;

-- ----------------------------
-- Records of mark_url_tag
-- ----------------------------
INSERT INTO `mark_url_tag` VALUES ('2', '40', '2');
INSERT INTO `mark_url_tag` VALUES ('3', '42', '2');
INSERT INTO `mark_url_tag` VALUES ('4', '43', '2');
INSERT INTO `mark_url_tag` VALUES ('5', '44', '2');
INSERT INTO `mark_url_tag` VALUES ('6', '45', '2');
INSERT INTO `mark_url_tag` VALUES ('7', '47', '3');
INSERT INTO `mark_url_tag` VALUES ('8', '49', '3');
INSERT INTO `mark_url_tag` VALUES ('9', '50', '3');
INSERT INTO `mark_url_tag` VALUES ('10', '51', '4');
INSERT INTO `mark_url_tag` VALUES ('11', '56', '4');
INSERT INTO `mark_url_tag` VALUES ('12', '58', '3');
INSERT INTO `mark_url_tag` VALUES ('13', '59', '2');
INSERT INTO `mark_url_tag` VALUES ('14', '60', '2');
INSERT INTO `mark_url_tag` VALUES ('15', '61', '2');
INSERT INTO `mark_url_tag` VALUES ('16', '62', '5');
INSERT INTO `mark_url_tag` VALUES ('17', '66', '4');
INSERT INTO `mark_url_tag` VALUES ('18', '67', '4');
INSERT INTO `mark_url_tag` VALUES ('19', '70', '4');
INSERT INTO `mark_url_tag` VALUES ('20', '72', '4');
INSERT INTO `mark_url_tag` VALUES ('21', '80', '3');
INSERT INTO `mark_url_tag` VALUES ('22', '81', '3');
INSERT INTO `mark_url_tag` VALUES ('23', '90', '4');
INSERT INTO `mark_url_tag` VALUES ('24', '103', '2');
INSERT INTO `mark_url_tag` VALUES ('25', '104', '2');
INSERT INTO `mark_url_tag` VALUES ('26', '105', '4');
INSERT INTO `mark_url_tag` VALUES ('27', '106', '4');
INSERT INTO `mark_url_tag` VALUES ('28', '110', '6');
INSERT INTO `mark_url_tag` VALUES ('29', '111', '7');
INSERT INTO `mark_url_tag` VALUES ('30', '112', '3');
INSERT INTO `mark_url_tag` VALUES ('31', '113', '8');
INSERT INTO `mark_url_tag` VALUES ('32', '115', '8');
INSERT INTO `mark_url_tag` VALUES ('33', '116', '8');
INSERT INTO `mark_url_tag` VALUES ('34', '117', '8');
INSERT INTO `mark_url_tag` VALUES ('35', '117', '4');
INSERT INTO `mark_url_tag` VALUES ('36', '110', '5');
INSERT INTO `mark_url_tag` VALUES ('52', '127', '19');
INSERT INTO `mark_url_tag` VALUES ('74', '126', '14');
INSERT INTO `mark_url_tag` VALUES ('75', '126', '15');
INSERT INTO `mark_url_tag` VALUES ('76', '126', '16');
INSERT INTO `mark_url_tag` VALUES ('77', '126', '17');
INSERT INTO `mark_url_tag` VALUES ('78', '126', '18');
INSERT INTO `mark_url_tag` VALUES ('105', '123', '40');
INSERT INTO `mark_url_tag` VALUES ('108', '129', '41');
INSERT INTO `mark_url_tag` VALUES ('109', '129', '22');
INSERT INTO `mark_url_tag` VALUES ('110', '129', '23');
INSERT INTO `mark_url_tag` VALUES ('135', '122', '54');
INSERT INTO `mark_url_tag` VALUES ('136', '128', '20');
INSERT INTO `mark_url_tag` VALUES ('137', '128', '55');
INSERT INTO `mark_url_tag` VALUES ('138', '130', '56');
INSERT INTO `mark_url_tag` VALUES ('139', '130', '57');
INSERT INTO `mark_url_tag` VALUES ('140', '131', '58');
INSERT INTO `mark_url_tag` VALUES ('141', '132', '3');
INSERT INTO `mark_url_tag` VALUES ('142', '133', '59');
INSERT INTO `mark_url_tag` VALUES ('143', '133', '60');
INSERT INTO `mark_url_tag` VALUES ('144', '133', '61');
INSERT INTO `mark_url_tag` VALUES ('145', '133', '62');
INSERT INTO `mark_url_tag` VALUES ('146', '133', '63');
INSERT INTO `mark_url_tag` VALUES ('147', '133', '64');
INSERT INTO `mark_url_tag` VALUES ('148', '133', '65');
INSERT INTO `mark_url_tag` VALUES ('149', '133', '66');
INSERT INTO `mark_url_tag` VALUES ('150', '133', '67');
INSERT INTO `mark_url_tag` VALUES ('151', '133', '68');
INSERT INTO `mark_url_tag` VALUES ('152', '133', '69');
INSERT INTO `mark_url_tag` VALUES ('153', '133', '70');
INSERT INTO `mark_url_tag` VALUES ('154', '133', '71');
INSERT INTO `mark_url_tag` VALUES ('155', '133', '72');
INSERT INTO `mark_url_tag` VALUES ('156', '133', '73');
INSERT INTO `mark_url_tag` VALUES ('157', '133', '74');
INSERT INTO `mark_url_tag` VALUES ('158', '133', '75');
INSERT INTO `mark_url_tag` VALUES ('159', '133', '76');
INSERT INTO `mark_url_tag` VALUES ('160', '133', '77');
INSERT INTO `mark_url_tag` VALUES ('162', '135', '79');
INSERT INTO `mark_url_tag` VALUES ('163', '135', '80');
INSERT INTO `mark_url_tag` VALUES ('164', '135', '25');
INSERT INTO `mark_url_tag` VALUES ('165', '135', '81');
INSERT INTO `mark_url_tag` VALUES ('166', '135', '82');
INSERT INTO `mark_url_tag` VALUES ('167', '135', '83');
INSERT INTO `mark_url_tag` VALUES ('168', '135', '84');
INSERT INTO `mark_url_tag` VALUES ('169', '135', '85');
INSERT INTO `mark_url_tag` VALUES ('170', '135', '86');
INSERT INTO `mark_url_tag` VALUES ('171', '135', '87');
INSERT INTO `mark_url_tag` VALUES ('172', '136', '78');
INSERT INTO `mark_url_tag` VALUES ('173', '134', '31');
INSERT INTO `mark_url_tag` VALUES ('174', '2', '1');
INSERT INTO `mark_url_tag` VALUES ('175', '137', '78');
INSERT INTO `mark_url_tag` VALUES ('176', '124', '51');
INSERT INTO `mark_url_tag` VALUES ('177', '124', '88');
INSERT INTO `mark_url_tag` VALUES ('178', '124', '15');
INSERT INTO `mark_url_tag` VALUES ('179', '124', '16');
INSERT INTO `mark_url_tag` VALUES ('180', '124', '17');
INSERT INTO `mark_url_tag` VALUES ('181', '124', '18');
INSERT INTO `mark_url_tag` VALUES ('182', '138', '20');

-- ----------------------------
-- Table structure for mark_user
-- ----------------------------
DROP TABLE IF EXISTS `mark_user`;
CREATE TABLE `mark_user` (
  `id` int(11) NOT NULL AUTO_INCREMENT,
  `username` varchar(50) DEFAULT NULL,
  `email` varchar(50) DEFAULT NULL,
  `password` varchar(50) DEFAULT NULL,
  `status` int(11) DEFAULT NULL,
  `nologin_id` varchar(100) DEFAULT '0' COMMENT '存放一个免登录id',
  PRIMARY KEY (`id`)
) ENGINE=InnoDB AUTO_INCREMENT=12 DEFAULT CHARSET=utf8;

-- ----------------------------
-- Records of mark_user
-- ----------------------------
INSERT INTO `mark_user` VALUES ('1', 'asd1@qq.com', 'asd1@qq.com', '96e79218965eb72c92a549dd5a330112', '1', null);
INSERT INTO `mark_user` VALUES ('2', '111@qq.com', '111@qq.com', '96e79218965eb72c92a549dd5a330112', '1', null);
INSERT INTO `mark_user` VALUES ('3', 'asd2@qq.com', 'asd2@qq.com', '96e79218965eb72c92a549dd5a330112', '1', null);
INSERT INTO `mark_user` VALUES ('4', 'asd@qq.com', 'asd@qq.com', '96e79218965eb72c92a549dd5a330112', '1', 'cba42864ec504e5adda7e91a684f501a71cd65ee');
INSERT INTO `mark_user` VALUES ('5', 'huajie2012@yahoo.cn', 'huajie2012@yahoo.cn', 'e10adc3949ba59abbe56e057f20f883e', '1', null);
INSERT INTO `mark_user` VALUES ('6', 'huajie2002@yahoo.cn', 'huajie2002@yahoo.cn', '96e79218965eb72c92a549dd5a330112', '1', null);
INSERT INTO `mark_user` VALUES ('7', 'Huajie', '43@qq.com', '96e79218965eb72c92a549dd5a330112', '1', 'd1a31ebf93a3b72b31417d5106b694a0c564f569');
INSERT INTO `mark_user` VALUES ('11', '431@qq.com', '431@qq.com', '96e79218965eb72c92a549dd5a330112', '1', '4c54b8e89e8af740c1f54d80b05f67a5daf700f3');

-- ----------------------------
-- Table structure for mark_user_favorites
-- ----------------------------
DROP TABLE IF EXISTS `mark_user_favorites`;
CREATE TABLE `mark_user_favorites` (
  `id` int(11) NOT NULL AUTO_INCREMENT,
  `user_id` int(11) NOT NULL DEFAULT '0',
  `favorites_id` int(11) NOT NULL DEFAULT '0',
  PRIMARY KEY (`id`)
) ENGINE=InnoDB AUTO_INCREMENT=2 DEFAULT CHARSET=utf8;

-- ----------------------------
-- Records of mark_user_favorites
-- ----------------------------
INSERT INTO `mark_user_favorites` VALUES ('1', '7', '2');

-- ----------------------------
-- Table structure for mark_user_info
-- ----------------------------
DROP TABLE IF EXISTS `mark_user_info`;
CREATE TABLE `mark_user_info` (
  `id` int(11) NOT NULL AUTO_INCREMENT,
  `user_id` int(11) DEFAULT NULL,
  `bind_email` varchar(50) DEFAULT NULL,
  `birthday` varchar(10) NOT NULL,
  `sex` tinyint(4) DEFAULT NULL,
  `constellation` varchar(50) DEFAULT NULL,
  `find_pwd_q` varchar(200) DEFAULT NULL,
  `find_pwd_a` varchar(200) DEFAULT NULL,
  PRIMARY KEY (`id`)
) ENGINE=InnoDB AUTO_INCREMENT=2 DEFAULT CHARSET=utf8;

-- ----------------------------
-- Records of mark_user_info
-- ----------------------------
INSERT INTO `mark_user_info` VALUES ('1', '7', 'Huajie3@qq.com', '1988-05-02', '2', null, '我喜欢谁？', '孙雯');
